image,sigma,seed,method,conduction,K,dx,dy,dt,n,diffusion_time,mse,relative_l2,psnr,ssim,duration_seconds,true_sha256,noisy_sha256,output_sha256
geometric_shapes,0.05,0,noisy,,,1.0,1.0,0.2,0,0.0,0.002480728828816227,0.11796061474940425,26.05420706338517,0.3928133539362954,0.0,68a1f77aba624acdfe1a6fe011417376f61766f5c742405bf9ab9c0802640564,c5b69f6a99a7aca107013b86f3534c0bfb7df4d9255312bad4a441081db058ba,c5b69f6a99a7aca107013b86f3534c0bfb7df4d9255312bad4a441081db058ba
geometric_shapes,0.05,0,heat,,,1.0,1.0,0.2,0,0.0,0.002480728828816227,0.11796061474940425,26.05420706338517,0.3928133539362954,0.0,68a1f77aba624acdfe1a6fe011417376f61766f5c742405bf9ab9c0802640564,c5b69f6a99a7aca107013b86f3534c0bfb7df4d9255312bad4a441081db058ba,c5b69f6a99a7aca107013b86f3534c0bfb7df4d9255312bad4a441081db058ba
geometric_shapes,0.05,0,heat,,,1.0,1.0,0.2,5,1.0,0.0021339444108530474,0.10940544358322021,26.708168981140897,0.8599282757506775,0.0011731000267900527,68a1f77aba624acdfe1a6fe011417376f61766f5c742405bf9ab9c0802640564,c5b69f6a99a7aca107013b86f3534c0bfb7df4d9255312bad4a441081db058ba,d0af631f0b58dd9ccc3e1ea56cafbc6b6069a4876331b0391a06c2b5e13131af
geometric_shapes,0.05,0,heat,,,1.0,1.0,0.2,10,2.0,0.0029939090915511012,0.12958856624950726,25.23761390912512,0.8547171555832772,0.001939900015713647,68a1f77aba624acdfe1a6fe011417376f61766f5c742405bf9ab9c0802640564,c5b69f6a99a7aca107013b86f3534c0bfb7df4d9255312bad4a441081db058ba,829257271f3d43112be8428d9dc8bc0bddc64f25f632ba50f17fde91215f8bf9
geometric_shapes,0.05,0,heat,,,1.0,1.0,0.2,20,4.0,0.004236281564470604,0.15414867258770984,23.73015182220818,0.8191672396255322,0.0035191000206395984,68a1f77aba624acdfe1a6fe011417376f61766f5c742405bf9ab9c0802640564,c5b69f6a99a7aca107013b86f3534c0bfb7df4d9255312bad4a441081db058ba,7e57fa24484062af1f91ce6e368199f53a7caa01353a218e804cdce5624dd7ac
geometric_shapes,0.05,0,perona_malik,exponential,0.05,1.0,1.0,0.2,0,0.0,0.002480728828816227,0.11796061474940425,26.05420706338517,0.3928133539362954,0.0,68a1f77aba624acdfe1a6fe011417376f61766f5c742405bf9ab9c0802640564,c5b69f6a99a7aca107013b86f3534c0bfb7df4d9255312bad4a441081db058ba,c5b69f6a99a7aca107013b86f3534c0bfb7df4d9255312bad4a441081db058ba
geometric_shapes,0.05,0,perona_malik,exponential,0.05,1.0,1.0,0.2,5,1.0,0.001262629293847612,0.08415604378213609,28.987241389681223,0.5395256630385159,0.008502600016072392,68a1f77aba624acdfe1a6fe011417376f61766f5c742405bf9ab9c0802640564,c5b69f6a99a7aca107013b86f3534c0bfb7df4d9255312bad4a441081db058ba,18f672500aacd9fb8b3d68084ae90bff72c59683b4683c14ecd854df4747f6bb
geometric_shapes,0.05,0,perona_malik,exponential,0.05,1.0,1.0,0.2,10,2.0,0.0006907244392590344,0.06224432929605412,31.606951774851396,0.6838884277161795,0.016342600021744147,68a1f77aba624acdfe1a6fe011417376f61766f5c742405bf9ab9c0802640564,c5b69f6a99a7aca107013b86f3534c0bfb7df4d9255312bad4a441081db058ba,ed7ade478fa077276b0866e96d4c262c3cf40ffe47a645488fb1a0fc0c8e2f37
geometric_shapes,0.05,0,perona_malik,exponential,0.05,1.0,1.0,0.2,20,4.0,0.0003508518611584281,0.04436181156060844,34.54876215333851,0.8221611396744293,0.03888450001250021,68a1f77aba624acdfe1a6fe011417376f61766f5c742405bf9ab9c0802640564,c5b69f6a99a7aca107013b86f3534c0bfb7df4d9255312bad4a441081db058ba,d2b108937803e13265138a4ad2d450194e03ed61075d570c2c92cdda2aad2898
geometric_shapes,0.05,0,perona_malik,exponential,0.1,1.0,1.0,0.2,0,0.0,0.002480728828816227,0.11796061474940425,26.05420706338517,0.3928133539362954,0.0,68a1f77aba624acdfe1a6fe011417376f61766f5c742405bf9ab9c0802640564,c5b69f6a99a7aca107013b86f3534c0bfb7df4d9255312bad4a441081db058ba,c5b69f6a99a7aca107013b86f3534c0bfb7df4d9255312bad4a441081db058ba
geometric_shapes,0.05,0,perona_malik,exponential,0.1,1.0,1.0,0.2,5,1.0,0.00019503026698917166,0.03307488844080287,37.0989798470748,0.89127633717558,0.01015329998335801,68a1f77aba624acdfe1a6fe011417376f61766f5c742405bf9ab9c0802640564,c5b69f6a99a7aca107013b86f3534c0bfb7df4d9255312bad4a441081db058ba,1d6660e4a250a68f60ff6ea024a139bf5c79e9526f735c438ba338fbe7ad7567
geometric_shapes,0.05,0,perona_malik,exponential,0.1,1.0,1.0,0.2,10,2.0,8.499293476130006e-05,0.02183427586532213,40.706171745411304,0.963378192876012,0.017850599979283288,68a1f77aba624acdfe1a6fe011417376f61766f5c742405bf9ab9c0802640564,c5b69f6a99a7aca107013b86f3534c0bfb7df4d9255312bad4a441081db058ba,45d3a397c913f016b769fe2d1c7f7ed4e445831c9f8ea337ef9ec4c20650d42a
geometric_shapes,0.05,0,perona_malik,exponential,0.1,1.0,1.0,0.2,20,4.0,9.684514182391004e-05,0.023306995918630637,40.13922160510048,0.9765280299621217,0.0337660999794025,68a1f77aba624acdfe1a6fe011417376f61766f5c742405bf9ab9c0802640564,c5b69f6a99a7aca107013b86f3534c0bfb7df4d9255312bad4a441081db058ba,b926a3b97abfe838b4b9ec67e9e23b91be1db3e30db457c4329b9d9f76ee0667
geometric_shapes,0.05,0,perona_malik,rational,0.05,1.0,1.0,0.2,0,0.0,0.002480728828816227,0.11796061474940425,26.05420706338517,0.3928133539362954,0.0,68a1f77aba624acdfe1a6fe011417376f61766f5c742405bf9ab9c0802640564,c5b69f6a99a7aca107013b86f3534c0bfb7df4d9255312bad4a441081db058ba,c5b69f6a99a7aca107013b86f3534c0bfb7df4d9255312bad4a441081db058ba
geometric_shapes,0.05,0,perona_malik,rational,0.05,1.0,1.0,0.2,5,1.0,0.00033805909320355667,0.04354554109757999,34.71007377802069,0.8124511952090057,0.0067878000263590366,68a1f77aba624acdfe1a6fe011417376f61766f5c742405bf9ab9c0802640564,c5b69f6a99a7aca107013b86f3534c0bfb7df4d9255312bad4a441081db058ba,38511ed56b394adb1e527c85c9b7cb23b8241d5b799d82d89ab3bc435bfd3911
geometric_shapes,0.05,0,perona_malik,rational,0.05,1.0,1.0,0.2,10,2.0,9.913225303993396e-05,0.023580600944106522,40.03785023230619,0.9525670689061223,0.013671700027771294,68a1f77aba624acdfe1a6fe011417376f61766f5c742405bf9ab9c0802640564,c5b69f6a99a7aca107013b86f3534c0bfb7df4d9255312bad4a441081db058ba,01febceaf8fc8c19912e62896ed2107b2ea078419efc5edb35d89ab38ea43dac
geometric_shapes,0.05,0,perona_malik,rational,0.05,1.0,1.0,0.2,20,4.0,6.297076221507254e-05,0.01879389756576279,42.00861049848697,0.9825595764758409,0.028604400024050847,68a1f77aba624acdfe1a6fe011417376f61766f5c742405bf9ab9c0802640564,c5b69f6a99a7aca107013b86f3534c0bfb7df4d9255312bad4a441081db058ba,1b858d9c8ff9d09c829bf3aefa3e3381ce0d70c631753febe5723a96de0c89d5
geometric_shapes,0.05,0,perona_malik,rational,0.1,1.0,1.0,0.2,0,0.0,0.002480728828816227,0.11796061474940425,26.05420706338517,0.3928133539362954,0.0,68a1f77aba624acdfe1a6fe011417376f61766f5c742405bf9ab9c0802640564,c5b69f6a99a7aca107013b86f3534c0bfb7df4d9255312bad4a441081db058ba,c5b69f6a99a7aca107013b86f3534c0bfb7df4d9255312bad4a441081db058ba
geometric_shapes,0.05,0,perona_malik,rational,0.1,1.0,1.0,0.2,5,1.0,0.00016968728032922778,0.030851197422402478,37.703507109520004,0.9159193338622447,0.007783300010487437,68a1f77aba624acdfe1a6fe011417376f61766f5c742405bf9ab9c0802640564,c5b69f6a99a7aca107013b86f3534c0bfb7df4d9255312bad4a441081db058ba,f0ca32d0519b7d1335aa031a26e0e82278ba75bd8fa24e3eadce045c7a54f433
geometric_shapes,0.05,0,perona_malik,rational,0.1,1.0,1.0,0.2,10,2.0,0.00014887590062661905,0.02889745401174785,38.2717559823133,0.9564417414610321,0.013466600008541718,68a1f77aba624acdfe1a6fe011417376f61766f5c742405bf9ab9c0802640564,c5b69f6a99a7aca107013b86f3534c0bfb7df4d9255312bad4a441081db058ba,3bff11f977bd688a12339dc6bd5aaa35b372fd7496fdb66747bc36d56aa4baa9
geometric_shapes,0.05,0,perona_malik,rational,0.1,1.0,1.0,0.2,20,4.0,0.00023068405852120778,0.035971303202606476,36.36982416469307,0.959432156783297,0.029280300019308925,68a1f77aba624acdfe1a6fe011417376f61766f5c742405bf9ab9c0802640564,c5b69f6a99a7aca107013b86f3534c0bfb7df4d9255312bad4a441081db058ba,4f9dd9aaa0a1051cba65e5a25ff415685db9aea33e74f049fe172b0dddb57d9b
geometric_shapes,0.05,1,noisy,,,1.0,1.0,0.2,0,0.0,0.002474808454440017,0.11781977142858464,26.06458409012803,0.39224081357236407,0.0,68a1f77aba624acdfe1a6fe011417376f61766f5c742405bf9ab9c0802640564,7ade40976ddae641eabace653a51d3c5f1dedfe2da3585d518881abf0c22ecd7,7ade40976ddae641eabace653a51d3c5f1dedfe2da3585d518881abf0c22ecd7
geometric_shapes,0.05,1,heat,,,1.0,1.0,0.2,0,0.0,0.002474808454440017,0.11781977142858464,26.06458409012803,0.39224081357236407,0.0,68a1f77aba624acdfe1a6fe011417376f61766f5c742405bf9ab9c0802640564,7ade40976ddae641eabace653a51d3c5f1dedfe2da3585d518881abf0c22ecd7,7ade40976ddae641eabace653a51d3c5f1dedfe2da3585d518881abf0c22ecd7
geometric_shapes,0.05,1,heat,,,1.0,1.0,0.2,5,1.0,0.002124752888979066,0.1091695687129457,26.726915715869502,0.8658415065183706,0.0011670000094454736,68a1f77aba624acdfe1a6fe011417376f61766f5c742405bf9ab9c0802640564,7ade40976ddae641eabace653a51d3c5f1dedfe2da3585d518881abf0c22ecd7,08a6b425e58b0816702b6fd9160aa12baadfdefc4f21ad310173e892b801865a
geometric_shapes,0.05,1,heat,,,1.0,1.0,0.2,10,2.0,0.00299206054523325,0.12954855376953187,25.240296226409097,0.856490521717418,0.002087300003040582,68a1f77aba624acdfe1a6fe011417376f61766f5c742405bf9ab9c0802640564,7ade40976ddae641eabace653a51d3c5f1dedfe2da3585d518881abf0c22ecd7,278505bf27b06830b30e4a4f7f1ec0a9ac16dbb85d7d174e93ee89b1de7523b1
geometric_shapes,0.05,1,heat,,,1.0,1.0,0.2,20,4.0,0.004240167216696273,0.15421935141752888,23.72617016082622,0.8185561678100753,0.0035717000137083232,68a1f77aba624acdfe1a6fe011417376f61766f5c742405bf9ab9c0802640564,7ade40976ddae641eabace653a51d3c5f1dedfe2da3585d518881abf0c22ecd7,8542194be248e30f9e218ce10dc23e41370cd6b7dba3c7a3764dddb468305ee3
geometric_shapes,0.05,1,perona_malik,exponential,0.05,1.0,1.0,0.2,0,0.0,0.002474808454440017,0.11781977142858464,26.06458409012803,0.39224081357236407,0.0,68a1f77aba624acdfe1a6fe011417376f61766f5c742405bf9ab9c0802640564,7ade40976ddae641eabace653a51d3c5f1dedfe2da3585d518881abf0c22ecd7,7ade40976ddae641eabace653a51d3c5f1dedfe2da3585d518881abf0c22ecd7
geometric_shapes,0.05,1,perona_malik,exponential,0.05,1.0,1.0,0.2,5,1.0,0.001258889486367693,0.08403131960588427,29.00012393456318,0.5396771471967866,0.009881499980110675,68a1f77aba624acdfe1a6fe011417376f61766f5c742405bf9ab9c0802640564,7ade40976ddae641eabace653a51d3c5f1dedfe2da3585d518881abf0c22ecd7,770dc85cb6f237f2fa8e7537a2615846fa2dfd052409b60f78112015ec511a24
geometric_shapes,0.05,1,perona_malik,exponential,0.05,1.0,1.0,0.2,10,2.0,0.0006842777049022382,0.06195317603196495,31.647676099315998,0.6879992599332728,0.019384999992325902,68a1f77aba624acdfe1a6fe011417376f61766f5c742405bf9ab9c0802640564,7ade40976ddae641eabace653a51d3c5f1dedfe2da3585d518881abf0c22ecd7,7f891b1ba3990a587f8024fec53318e04499faee6c965db59b78c7db1942689d
geometric_shapes,0.05,1,perona_malik,exponential,0.05,1.0,1.0,0.2,20,4.0,0.0003508176972665629,0.04435965166180633,34.54918506436695,0.8231791375367081,0.036509099998511374,68a1f77aba624acdfe1a6fe011417376f61766f5c742405bf9ab9c0802640564,7ade40976ddae641eabace653a51d3c5f1dedfe2da3585d518881abf0c22ecd7,b9f71c6084fc81e75702eec2633b7c8ddc71b3688ffda8f8bc79139c09db90e2
geometric_shapes,0.05,1,perona_malik,exponential,0.1,1.0,1.0,0.2,0,0.0,0.002474808454440017,0.11781977142858464,26.06458409012803,0.39224081357236407,0.0,68a1f77aba624acdfe1a6fe011417376f61766f5c742405bf9ab9c0802640564,7ade40976ddae641eabace653a51d3c5f1dedfe2da3585d518881abf0c22ecd7,7ade40976ddae641eabace653a51d3c5f1dedfe2da3585d518881abf0c22ecd7
geometric_shapes,0.05,1,perona_malik,exponential,0.1,1.0,1.0,0.2,5,1.0,0.00018307303847070567,0.032044948294466837,37.37375610398334,0.8954794493634104,0.010290999984135851,68a1f77aba624acdfe1a6fe011417376f61766f5c742405bf9ab9c0802640564,7ade40976ddae641eabace653a51d3c5f1dedfe2da3585d518881abf0c22ecd7,8cebab52f832fcf7ff550d4970b75d00e437b16b7d6d3a4b67b7efcdf7105045
geometric_shapes,0.05,1,perona_malik,exponential,0.1,1.0,1.0,0.2,10,2.0,7.974058505298207e-05,0.021148866181638807,40.983205822634204,0.9664820592186929,0.020030499988934025,68a1f77aba624acdfe1a6fe011417376f61766f5c742405bf9ab9c0802640564,7ade40976ddae641eabace653a51d3c5f1dedfe2da3585d518881abf0c22ecd7,9b4b9050578b48e05406a4a483f8638450ab592b6ecde3e4dc6d9f0d237d7e6a
geometric_shapes,0.05,1,perona_malik,exponential,0.1,1.0,1.0,0.2,20,4.0,9.392696754586399e-05,0.022953162482202805,40.27209698736105,0.9775526326608388,0.03822689998196438,68a1f77aba624acdfe1a6fe011417376f61766f5c742405bf9ab9c0802640564,7ade40976ddae641eabace653a51d3c5f1dedfe2da3585d518881abf0c22ecd7,9901ddceddb36cb5ab81bc95836c7f79bf276149729b0e2c539a0707299cb49b
geometric_shapes,0.05,1,perona_malik,rational,0.05,1.0,1.0,0.2,0,0.0,0.002474808454440017,0.11781977142858464,26.06458409012803,0.39224081357236407,0.0,68a1f77aba624acdfe1a6fe011417376f61766f5c742405bf9ab9c0802640564,7ade40976ddae641eabace653a51d3c5f1dedfe2da3585d518881abf0c22ecd7,7ade40976ddae641eabace653a51d3c5f1dedfe2da3585d518881abf0c22ecd7
geometric_shapes,0.05,1,perona_malik,rational,0.05,1.0,1.0,0.2,5,1.0,0.00032460577954456106,0.04267028115271691,34.886437519097704,0.814838307079268,0.006389000016497448,68a1f77aba624acdfe1a6fe011417376f61766f5c742405bf9ab9c0802640564,7ade40976ddae641eabace653a51d3c5f1dedfe2da3585d518881abf0c22ecd7,9339f78e934ab4b53739fd1a219b6930b50515dc2495e2ea5e93a2e09a230e9e
geometric_shapes,0.05,1,perona_malik,rational,0.05,1.0,1.0,0.2,10,2.0,9.096189859861221e-05,0.022587966691868563,40.4114048343141,0.9569126031011556,0.01357889999053441,68a1f77aba624acdfe1a6fe011417376f61766f5c742405bf9ab9c0802640564,7ade40976ddae641eabace653a51d3c5f1dedfe2da3585d518881abf0c22ecd7,3e606bce49934e7f7eee123d7c68dbf52eb82e66669864b528941d3aabceb1e0
geometric_shapes,0.05,1,perona_malik,rational,0.05,1.0,1.0,0.2,20,4.0,6.2412250561679e-05,0.018710366822022005,42.04730156645272,0.9833582533774174,0.030610799993155524,68a1f77aba624acdfe1a6fe011417376f61766f5c742405bf9ab9c0802640564,7ade40976ddae641eabace653a51d3c5f1dedfe2da3585d518881abf0c22ecd7,d879a58517e2e8949d44be09d2cb5732a583819b2468afd5d307fe8b9db8c18d
geometric_shapes,0.05,1,perona_malik,rational,0.1,1.0,1.0,0.2,0,0.0,0.002474808454440017,0.11781977142858464,26.06458409012803,0.39224081357236407,0.0,68a1f77aba624acdfe1a6fe011417376f61766f5c742405bf9ab9c0802640564,7ade40976ddae641eabace653a51d3c5f1dedfe2da3585d518881abf0c22ecd7,7ade40976ddae641eabace653a51d3c5f1dedfe2da3585d518881abf0c22ecd7
geometric_shapes,0.05,1,perona_malik,rational,0.1,1.0,1.0,0.2,5,1.0,0.00015512885655632777,0.029498075037269846,38.093074086499385,0.9233511730024567,0.006584799994016066,68a1f77aba624acdfe1a6fe011417376f61766f5c742405bf9ab9c0802640564,7ade40976ddae641eabace653a51d3c5f1dedfe2da3585d518881abf0c22ecd7,47ce9afcb94b912e89885d8a4df154c8265ff64ec26f1032de0220e5d25fb5c8
geometric_shapes,0.05,1,perona_malik,rational,0.1,1.0,1.0,0.2,10,2.0,0.0001448262072450825,0.028501712767484227,38.39152842613525,0.959537813341518,0.016259900003205985,68a1f77aba624acdfe1a6fe011417376f61766f5c742405bf9ab9c0802640564,7ade40976ddae641eabace653a51d3c5f1dedfe2da3585d518881abf0c22ecd7,bb2c8a729172885b3c225e6980504cf743ec80917d7a791a899d01b0307c17aa
geometric_shapes,0.05,1,perona_malik,rational,0.1,1.0,1.0,0.2,20,4.0,0.00023306665249723217,0.03615658875672701,36.325198614965224,0.9593377613080721,0.035333899984834716,68a1f77aba624acdfe1a6fe011417376f61766f5c742405bf9ab9c0802640564,7ade40976ddae641eabace653a51d3c5f1dedfe2da3585d518881abf0c22ecd7,8d743a2c7df275a59a3a254cd7bbe6bd4593dd43501461551f6d3ba854da53e3
geometric_shapes,0.1,0,noisy,,,1.0,1.0,0.2,0,0.0,0.00992291531526491,0.2359212294988085,20.033607150105546,0.21701055161305105,0.0,68a1f77aba624acdfe1a6fe011417376f61766f5c742405bf9ab9c0802640564,5679152e64a8470f58269e8ffae0568be616bf56cc157f779b57eff6021ced82,5679152e64a8470f58269e8ffae0568be616bf56cc157f779b57eff6021ced82
geometric_shapes,0.1,0,heat,,,1.0,1.0,0.2,0,0.0,0.00992291531526491,0.2359212294988085,20.033607150105546,0.21701055161305105,0.0,68a1f77aba624acdfe1a6fe011417376f61766f5c742405bf9ab9c0802640564,5679152e64a8470f58269e8ffae0568be616bf56cc157f779b57eff6021ced82,5679152e64a8470f58269e8ffae0568be616bf56cc157f779b57eff6021ced82
geometric_shapes,0.1,0,heat,,,1.0,1.0,0.2,5,1.0,0.002445923889134543,0.11713019053834438,26.115570612176242,0.7411310424148363,0.000965600018389523,68a1f77aba624acdfe1a6fe011417376f61766f5c742405bf9ab9c0802640564,5679152e64a8470f58269e8ffae0568be616bf56cc157f779b57eff6021ced82,102a4269abe4e2f226bf8e068e42727315e5ebd86df9c6a406210959913b03ba
geometric_shapes,0.1,0,heat,,,1.0,1.0,0.2,10,2.0,0.003149498281347059,0.13291318594505042,25.01758624304644,0.8002585929766274,0.0017635000112932175,68a1f77aba624acdfe1a6fe011417376f61766f5c742405bf9ab9c0802640564,5679152e64a8470f58269e8ffae0568be616bf56cc157f779b57eff6021ced82,b74882f3806f7103bc0de866a264d19a4d0c6af1752817fc26b89fb9e96a9a7a
geometric_shapes,0.1,0,heat,,,1.0,1.0,0.2,20,4.0,0.004310999335034163,0.15550213577376373,23.654220441354454,0.8000890390088301,0.0032909000001382083,68a1f77aba624acdfe1a6fe011417376f61766f5c742405bf9ab9c0802640564,5679152e64a8470f58269e8ffae0568be616bf56cc157f779b57eff6021ced82,4eefc98eef09421f5d31e0881885efe00e211af77e28a47219718cc59d36aa3e
geometric_shapes,0.1,0,perona_malik,exponential,0.05,1.0,1.0,0.2,0,0.0,0.00992291531526491,0.2359212294988085,20.033607150105546,0.21701055161305105,0.0,68a1f77aba624acdfe1a6fe011417376f61766f5c742405bf9ab9c0802640564,5679152e64a8470f58269e8ffae0568be616bf56cc157f779b57eff6021ced82,5679152e64a8470f58269e8ffae0568be616bf56cc157f779b57eff6021ced82
geometric_shapes,0.1,0,perona_malik,exponential,0.05,1.0,1.0,0.2,5,1.0,0.009057643804133285,0.22540056446363935,20.429847621407028,0.2259454547224924,0.008402400009799749,68a1f77aba624acdfe1a6fe011417376f61766f5c742405bf9ab9c0802640564,5679152e64a8470f58269e8ffae0568be616bf56cc157f779b57eff6021ced82,6f25141ddeafbba94446bfc27fa210e046fc4f0b198bf1d7ac8cf0bf36298cdc
geometric_shapes,0.1,0,perona_malik,exponential,0.05,1.0,1.0,0.2,10,2.0,0.00844876820813061,0.21769280637135502,20.732066045896246,0.23326957561996367,0.019239299988839775,68a1f77aba624acdfe1a6fe011417376f61766f5c742405bf9ab9c0802640564,5679152e64a8470f58269e8ffae0568be616bf56cc157f779b57eff6021ced82,326440507451a753d50780fdb2f8f4198f94323a059f4fd4be4c14f22882a989
geometric_shapes,0.1,0,perona_malik,exponential,0.05,1.0,1.0,0.2,20,4.0,0.007579069142734325,0.20618416814409543,21.20384130911322,0.245874713732164,0.03849619999527931,68a1f77aba624acdfe1a6fe011417376f61766f5c742405bf9ab9c0802640564,5679152e64a8470f58269e8ffae0568be616bf56cc157f779b57eff6021ced82,c11e0e7fbf715135beb0b0e782fb53e205baa6db154b31b1a270ed1ae07f8734
geometric_shapes,0.1,0,perona_malik,exponential,0.1,1.0,1.0,0.2,0,0.0,0.00992291531526491,0.2359212294988085,20.033607150105546,0.21701055161305105,0.0,68a1f77aba624acdfe1a6fe011417376f61766f5c742405bf9ab9c0802640564,5679152e64a8470f58269e8ffae0568be616bf56cc157f779b57eff6021ced82,5679152e64a8470f58269e8ffae0568be616bf56cc157f779b57eff6021ced82
geometric_shapes,0.1,0,perona_malik,exponential,0.1,1.0,1.0,0.2,5,1.0,0.005049364684094294,0.16829288267132894,22.96763261792087,0.30153098998641614,0.00875639999867417,68a1f77aba624acdfe1a6fe011417376f61766f5c742405bf9ab9c0802640564,5679152e64a8470f58269e8ffae0568be616bf56cc157f779b57eff6021ced82,b15154978546c349233ff0ea9cbb2bbe5765dd6f9b19c5820cce06e1e83c8d3b
geometric_shapes,0.1,0,perona_malik,exponential,0.1,1.0,1.0,0.2,10,2.0,0.0027650940223499475,0.12453812763405041,25.582900966581924,0.4270085609640434,0.020690100005595013,68a1f77aba624acdfe1a6fe011417376f61766f5c742405bf9ab9c0802640564,5679152e64a8470f58269e8ffae0568be616bf56cc157f779b57eff6021ced82,9643fe60751d5bb844241b80036ff64862f72c23d018eedc15b56c6ed167f86c
geometric_shapes,0.1,0,perona_malik,exponential,0.1,1.0,1.0,0.2,20,4.0,0.00142181685622942,0.08930365001235459,28.471563413357824,0.6288163554857421,0.03923919997760095,68a1f77aba624acdfe1a6fe011417376f61766f5c742405bf9ab9c0802640564,5679152e64a8470f58269e8ffae0568be616bf56cc157f779b57eff6021ced82,96447d54b183bef33ecbeaac5be1e2493bfebeb009a426b9a9131719f0f8d330
geometric_shapes,0.1,0,perona_malik,rational,0.05,1.0,1.0,0.2,0,0.0,0.00992291531526491,0.2359212294988085,20.033607150105546,0.21701055161305105,0.0,68a1f77aba624acdfe1a6fe011417376f61766f5c742405bf9ab9c0802640564,5679152e64a8470f58269e8ffae0568be616bf56cc157f779b57eff6021ced82,5679152e64a8470f58269e8ffae0568be616bf56cc157f779b57eff6021ced82
geometric_shapes,0.1,0,perona_malik,rational,0.05,1.0,1.0,0.2,5,1.0,0.004925741925320172,0.16621997299392027,23.07528345916614,0.29975109112359277,0.007866800006013364,68a1f77aba624acdfe1a6fe011417376f61766f5c742405bf9ab9c0802640564,5679152e64a8470f58269e8ffae0568be616bf56cc157f779b57eff6021ced82,da56275defc34387fc1e0f40c2dc6c9d3f5ac7a2e8fb3a59fbe9a8d15f8238f6
geometric_shapes,0.1,0,perona_malik,rational,0.05,1.0,1.0,0.2,10,2.0,0.002163095606877981,0.11015018680591888,26.64924284711663,0.4603489905447428,0.015067000000271946,68a1f77aba624acdfe1a6fe011417376f61766f5c742405bf9ab9c0802640564,5679152e64a8470f58269e8ffae0568be616bf56cc157f779b57eff6021ced82,ab38e0d96884fe55bb9df2adf0b06bb18da260c00098631f71016586dca13717
geometric_shapes,0.1,0,perona_malik,rational,0.05,1.0,1.0,0.2,20,4.0,0.0004545562204446307,0.050494163624636976,33.42412394688688,0.8326830387840722,0.027296199987176806,68a1f77aba624acdfe1a6fe011417376f61766f5c742405bf9ab9c0802640564,5679152e64a8470f58269e8ffae0568be616bf56cc157f779b57eff6021ced82,b9e9df2ff91d9ff5b5832e49aefb592fdeeffafbd0f22dab5dcac3a2bd4e923f
geometric_shapes,0.1,0,perona_malik,rational,0.1,1.0,1.0,0.2,0,0.0,0.00992291531526491,0.2359212294988085,20.033607150105546,0.21701055161305105,0.0,68a1f77aba624acdfe1a6fe011417376f61766f5c742405bf9ab9c0802640564,5679152e64a8470f58269e8ffae0568be616bf56cc157f779b57eff6021ced82,5679152e64a8470f58269e8ffae0568be616bf56cc157f779b57eff6021ced82
geometric_shapes,0.1,0,perona_malik,rational,0.1,1.0,1.0,0.2,5,1.0,0.0013639378991049849,0.08746709019696411,28.652054029126766,0.564235557499964,0.006025999988196418,68a1f77aba624acdfe1a6fe011417376f61766f5c742405bf9ab9c0802640564,5679152e64a8470f58269e8ffae0568be616bf56cc157f779b57eff6021ced82,ec1d4a6d0fe39008c4d78579fc98b104d94a0d5706d7558a5e60a7040595d901
geometric_shapes,0.1,0,perona_malik,rational,0.1,1.0,1.0,0.2,10,2.0,0.0004399977798405023,0.04967897456924382,33.565495148898385,0.8391412507817534,0.010484700003871694,68a1f77aba624acdfe1a6fe011417376f61766f5c742405bf9ab9c0802640564,5679152e64a8470f58269e8ffae0568be616bf56cc157f779b57eff6021ced82,b98604e1d84f1d6995175d5ff0a81d9a362c4ba81ff6983608fc97553da8eae4
geometric_shapes,0.1,0,perona_malik,rational,0.1,1.0,1.0,0.2,20,4.0,0.0003357961581165169,0.043399551543359303,34.739242769839784,0.9265451313858183,0.020028700004331768,68a1f77aba624acdfe1a6fe011417376f61766f5c742405bf9ab9c0802640564,5679152e64a8470f58269e8ffae0568be616bf56cc157f779b57eff6021ced82,2f8df26bf8a13806150f5d89eb8904f60aa7ed220eaca2b88c97e8142cca36d2
geometric_shapes,0.1,1,noisy,,,1.0,1.0,0.2,0,0.0,0.009899233817760067,0.2356395428571693,20.043984176848404,0.21769863313137233,0.0,68a1f77aba624acdfe1a6fe011417376f61766f5c742405bf9ab9c0802640564,8ae827956ffb2ced1c0c56a294ed5a32642db3585b7705b685694942a9b51129,8ae827956ffb2ced1c0c56a294ed5a32642db3585b7705b685694942a9b51129
geometric_shapes,0.1,1,heat,,,1.0,1.0,0.2,0,0.0,0.009899233817760067,0.2356395428571693,20.043984176848404,0.21769863313137233,0.0,68a1f77aba624acdfe1a6fe011417376f61766f5c742405bf9ab9c0802640564,8ae827956ffb2ced1c0c56a294ed5a32642db3585b7705b685694942a9b51129,8ae827956ffb2ced1c0c56a294ed5a32642db3585b7705b685694942a9b51129
geometric_shapes,0.1,1,heat,,,1.0,1.0,0.2,5,1.0,0.002399444659828958,0.11601195603550425,26.198892620716578,0.7564455358424098,0.0010147999855689704,68a1f77aba624acdfe1a6fe011417376f61766f5c742405bf9ab9c0802640564,8ae827956ffb2ced1c0c56a294ed5a32642db3585b7705b685694942a9b51129,0da90ddbe635f2abe4cf69c603ceb7eec65ac07c27b3dcbf284e28709bd14172
geometric_shapes,0.1,1,heat,,,1.0,1.0,0.2,10,2.0,0.0031325640916992983,0.13255538121775387,25.0410003465573,0.8071317927755742,0.0017859999788925052,68a1f77aba624acdfe1a6fe011417376f61766f5c742405bf9ab9c0802640564,8ae827956ffb2ced1c0c56a294ed5a32642db3585b7705b685694942a9b51129,94e1ab9ebfc6d8e2c67b33df3aac6daf3f7cb206264b4ea53d6a01ce7b34e09b
geometric_shapes,0.1,1,heat,,,1.0,1.0,0.2,20,4.0,0.00431449263036385,0.15556512637551737,23.65070268497748,0.799937924221769,0.0032657999836374074,68a1f77aba624acdfe1a6fe011417376f61766f5c742405bf9ab9c0802640564,8ae827956ffb2ced1c0c56a294ed5a32642db3585b7705b685694942a9b51129,2e90380c5de8cbb78a2dcbcb0aaddcd8cc3e4bfbfbce585d5190ce8331dbee28
geometric_shapes,0.1,1,perona_malik,exponential,0.05,1.0,1.0,0.2,0,0.0,0.009899233817760067,0.2356395428571693,20.043984176848404,0.21769863313137233,0.0,68a1f77aba624acdfe1a6fe011417376f61766f5c742405bf9ab9c0802640564,8ae827956ffb2ced1c0c56a294ed5a32642db3585b7705b685694942a9b51129,8ae827956ffb2ced1c0c56a294ed5a32642db3585b7705b685694942a9b51129
geometric_shapes,0.1,1,perona_malik,exponential,0.05,1.0,1.0,0.2,5,1.0,0.009029034787249965,0.22504431350483545,20.44358673714859,0.22680097843094582,0.006184099998790771,68a1f77aba624acdfe1a6fe011417376f61766f5c742405bf9ab9c0802640564,8ae827956ffb2ced1c0c56a294ed5a32642db3585b7705b685694942a9b51129,7800b89ea7868910fc0069df2dd02e5f3637e74341393a3cc7f898a444c7cfa8
geometric_shapes,0.1,1,perona_malik,exponential,0.05,1.0,1.0,0.2,10,2.0,0.008415520476947682,0.21726404999275592,20.749190189304386,0.23432895624496333,0.011592199996812269,68a1f77aba624acdfe1a6fe011417376f61766f5c742405bf9ab9c0802640564,8ae827956ffb2ced1c0c56a294ed5a32642db3585b7705b685694942a9b51129,256d5f8d965a911c216cdde867e53bde2e3df7184454f2a4735f395e85f38235
geometric_shapes,0.1,1,perona_malik,exponential,0.05,1.0,1.0,0.2,20,4.0,0.007531576501476828,0.2055371481053347,21.231141082308618,0.24761868407540455,0.020276299997931346,68a1f77aba624acdfe1a6fe011417376f61766f5c742405bf9ab9c0802640564,8ae827956ffb2ced1c0c56a294ed5a32642db3585b7705b685694942a9b51129,6d0cbf0e215f38715278ba9f9b61ed80d30e11f356e2f68c9fbc7ea92db9dac0
geometric_shapes,0.1,1,perona_malik,exponential,0.1,1.0,1.0,0.2,0,0.0,0.009899233817760067,0.2356395428571693,20.043984176848404,0.21769863313137233,0.0,68a1f77aba624acdfe1a6fe011417376f61766f5c742405bf9ab9c0802640564,8ae827956ffb2ced1c0c56a294ed5a32642db3585b7705b685694942a9b51129,8ae827956ffb2ced1c0c56a294ed5a32642db3585b7705b685694942a9b51129
geometric_shapes,0.1,1,perona_malik,exponential,0.1,1.0,1.0,0.2,5,1.0,0.005033261357122362,0.16802431031941342,22.981505178426694,0.3038134075139198,0.004896600003121421,68a1f77aba624acdfe1a6fe011417376f61766f5c742405bf9ab9c0802640564,8ae827956ffb2ced1c0c56a294ed5a32642db3585b7705b685694942a9b51129,ab6c5030927fe4c7c33057641efc3a8840eb1114d1a9b2a20d9237521fa6bf5f
geometric_shapes,0.1,1,perona_malik,exponential,0.1,1.0,1.0,0.2,10,2.0,0.0027452376314637587,0.12409016217167794,25.614200564719386,0.43670509211408826,0.009303900005761534,68a1f77aba624acdfe1a6fe011417376f61766f5c742405bf9ab9c0802640564,8ae827956ffb2ced1c0c56a294ed5a32642db3585b7705b685694942a9b51129,f40243a16b5a4145ece9ba24d17a216a3d9f2ccb3a076c0aad304771de982a94
geometric_shapes,0.1,1,perona_malik,exponential,0.1,1.0,1.0,0.2,20,4.0,0.0014389231252241858,0.08983926217184189,28.41962407719234,0.6333437798031184,0.017145599995274097,68a1f77aba624acdfe1a6fe011417376f61766f5c742405bf9ab9c0802640564,8ae827956ffb2ced1c0c56a294ed5a32642db3585b7705b685694942a9b51129,8c6f4d1cfee6a0af8089a323c73621a2a5d2dbe7213ab90584a627770435163b
geometric_shapes,0.1,1,perona_malik,rational,0.05,1.0,1.0,0.2,0,0.0,0.009899233817760067,0.2356395428571693,20.043984176848404,0.21769863313137233,0.0,68a1f77aba624acdfe1a6fe011417376f61766f5c742405bf9ab9c0802640564,8ae827956ffb2ced1c0c56a294ed5a32642db3585b7705b685694942a9b51129,8ae827956ffb2ced1c0c56a294ed5a32642db3585b7705b685694942a9b51129
geometric_shapes,0.1,1,perona_malik,rational,0.05,1.0,1.0,0.2,5,1.0,0.004907807451607633,0.16591709616578432,23.09112484320068,0.30067203053757047,0.002119699987815693,68a1f77aba624acdfe1a6fe011417376f61766f5c742405bf9ab9c0802640564,8ae827956ffb2ced1c0c56a294ed5a32642db3585b7705b685694942a9b51129,bca74c9ce5a8a51cfb63777c6bebe302f16b7ab6cd4b4646317dbbe6326b0a59
geometric_shapes,0.1,1,perona_malik,rational,0.05,1.0,1.0,0.2,10,2.0,0.0021331877201961552,0.1093860444328065,26.70970925020287,0.46450667161410963,0.00563449997571297,68a1f77aba624acdfe1a6fe011417376f61766f5c742405bf9ab9c0802640564,8ae827956ffb2ced1c0c56a294ed5a32642db3585b7705b685694942a9b51129,0c72e3aa4a895ad052f0625c44aabce9438751ba1ec99c50a11145267b0b27e8
geometric_shapes,0.1,1,perona_malik,rational,0.05,1.0,1.0,0.2,20,4.0,0.0004489376054698574,0.05018112266965305,33.47814014192896,0.8336046159105664,0.013073999987682328,68a1f77aba624acdfe1a6fe011417376f61766f5c742405bf9ab9c0802640564,8ae827956ffb2ced1c0c56a294ed5a32642db3585b7705b685694942a9b51129,b31ad810f6b8acdd0ec8e8b54d609952518276243633cfd9c9cacbe9b03ac449
geometric_shapes,0.1,1,perona_malik,rational,0.1,1.0,1.0,0.2,0,0.0,0.009899233817760067,0.2356395428571693,20.043984176848404,0.21769863313137233,0.0,68a1f77aba624acdfe1a6fe011417376f61766f5c742405bf9ab9c0802640564,8ae827956ffb2ced1c0c56a294ed5a32642db3585b7705b685694942a9b51129,8ae827956ffb2ced1c0c56a294ed5a32642db3585b7705b685694942a9b51129
geometric_shapes,0.1,1,perona_malik,rational,0.1,1.0,1.0,0.2,5,1.0,0.0013156962825362697,0.08590633755924482,28.808443523950984,0.5692374139152454,0.0027602000045590103,68a1f77aba624acdfe1a6fe011417376f61766f5c742405bf9ab9c0802640564,8ae827956ffb2ced1c0c56a294ed5a32642db3585b7705b685694942a9b51129,e379d0ac32d5176a8c350b323b8008e2607567664dae0b3f5d43387990d040ee
geometric_shapes,0.1,1,perona_malik,rational,0.1,1.0,1.0,0.2,10,2.0,0.00041743378261689613,0.048388390524592366,33.79412406707064,0.8501337185958797,0.005689700017683208,68a1f77aba624acdfe1a6fe011417376f61766f5c742405bf9ab9c0802640564,8ae827956ffb2ced1c0c56a294ed5a32642db3585b7705b685694942a9b51129,702bacc5a29e054bb30a6a62851c596d27efea11dda8aae51cd395e29baa18fe
geometric_shapes,0.1,1,perona_malik,rational,0.1,1.0,1.0,0.2,20,4.0,0.00034907905628159914,0.04424959264189637,34.570762067979246,0.9288050191114223,0.012730400019790977,68a1f77aba624acdfe1a6fe011417376f61766f5c742405bf9ab9c0802640564,8ae827956ffb2ced1c0c56a294ed5a32642db3585b7705b685694942a9b51129,162f2af255b692fb3438de8cd46da7140ef4a3f2266326bcfbd58bd1a8a9ee4b
ramps_and_edges,0.05,0,noisy,,,1.0,1.0,0.2,0,0.0,0.002480728828816227,0.10452641476477562,26.05420706338517,0.42460504833025464,0.0,57e83022e434975291a97a3a034c3d58df2966f6fe5ec1638649d2c9dcb601ed,a19f071d8c9a3f47304fed43f4dd0733f7ead41400f945b5bf31189c5e4549c8,a19f071d8c9a3f47304fed43f4dd0733f7ead41400f945b5bf31189c5e4549c8
ramps_and_edges,0.05,0,heat,,,1.0,1.0,0.2,0,0.0,0.002480728828816227,0.10452641476477562,26.05420706338517,0.42460504833025464,0.0,57e83022e434975291a97a3a034c3d58df2966f6fe5ec1638649d2c9dcb601ed,a19f071d8c9a3f47304fed43f4dd0733f7ead41400f945b5bf31189c5e4549c8,a19f071d8c9a3f47304fed43f4dd0733f7ead41400f945b5bf31189c5e4549c8
ramps_and_edges,0.05,0,heat,,,1.0,1.0,0.2,5,1.0,0.001956595267265433,0.0928296914536798,27.084990013076865,0.8791021834141765,0.0008824000251479447,57e83022e434975291a97a3a034c3d58df2966f6fe5ec1638649d2c9dcb601ed,a19f071d8c9a3f47304fed43f4dd0733f7ead41400f945b5bf31189c5e4549c8,fdeba67db65ef934e76d88b29498e971e164926636f5a2ddb430d682c261f491
ramps_and_edges,0.05,0,heat,,,1.0,1.0,0.2,10,2.0,0.0027494397107181304,0.11004200837626078,25.607557990188372,0.8764216599460122,0.0018335000204388052,57e83022e434975291a97a3a034c3d58df2966f6fe5ec1638649d2c9dcb601ed,a19f071d8c9a3f47304fed43f4dd0733f7ead41400f945b5bf31189c5e4549c8,df7cacd0f0519094fcf55ee817ac85136af1f6dd011db53e73968b647e90070b
ramps_and_edges,0.05,0,heat,,,1.0,1.0,0.2,20,4.0,0.004043950513623895,0.13345637488992967,23.931941675695555,0.8415719570223361,0.003872800007229671,57e83022e434975291a97a3a034c3d58df2966f6fe5ec1638649d2c9dcb601ed,a19f071d8c9a3f47304fed43f4dd0733f7ead41400f945b5bf31189c5e4549c8,d42cbe14c5fa33613e6f12c95b074f73045848d489a40284754f8333fa9243ed
ramps_and_edges,0.05,0,perona_malik,exponential,0.05,1.0,1.0,0.2,0,0.0,0.002480728828816227,0.10452641476477562,26.05420706338517,0.42460504833025464,0.0,57e83022e434975291a97a3a034c3d58df2966f6fe5ec1638649d2c9dcb601ed,a19f071d8c9a3f47304fed43f4dd0733f7ead41400f945b5bf31189c5e4549c8,a19f071d8c9a3f47304fed43f4dd0733f7ead41400f945b5bf31189c5e4549c8
ramps_and_edges,0.05,0,perona_malik,exponential,0.05,1.0,1.0,0.2,5,1.0,0.0012776792397343182,0.07501486408518464,28.935781617473076,0.5693592333352324,0.006712400005199015,57e83022e434975291a97a3a034c3d58df2966f6fe5ec1638649d2c9dcb601ed,a19f071d8c9a3f47304fed43f4dd0733f7ead41400f945b5bf31189c5e4549c8,40c00870bd96bff91058cb83b6280e4f2af6cf176a7dbe61d84da95f24adb899
ramps_and_edges,0.05,0,perona_malik,exponential,0.05,1.0,1.0,0.2,10,2.0,0.0007080838853153042,0.05584428861925614,31.499152892431216,0.7059939167430992,0.011703500000294298,57e83022e434975291a97a3a034c3d58df2966f6fe5ec1638649d2c9dcb601ed,a19f071d8c9a3f47304fed43f4dd0733f7ead41400f945b5bf31189c5e4549c8,a2daa9917671c74d11558f2de3480707183b5289f1e09b01b6aad7e16085c0dd
ramps_and_edges,0.05,0,perona_malik,exponential,0.05,1.0,1.0,0.2,20,4.0,0.0003648956473557924,0.04008858700943967,34.37831317070088,0.8347209596462977,0.01886059998651035,57e83022e434975291a97a3a034c3d58df2966f6fe5ec1638649d2c9dcb601ed,a19f071d8c9a3f47304fed43f4dd0733f7ead41400f945b5bf31189c5e4549c8,3be88cbd5da5ac110379f877fa275425ee68f091c2ab45a7ef0c12cc3870486a
ramps_and_edges,0.05,0,perona_malik,exponential,0.1,1.0,1.0,0.2,0,0.0,0.002480728828816227,0.10452641476477562,26.05420706338517,0.42460504833025464,0.0,57e83022e434975291a97a3a034c3d58df2966f6fe5ec1638649d2c9dcb601ed,a19f071d8c9a3f47304fed43f4dd0733f7ead41400f945b5bf31189c5e4549c8,a19f071d8c9a3f47304fed43f4dd0733f7ead41400f945b5bf31189c5e4549c8
ramps_and_edges,0.05,0,perona_malik,exponential,0.1,1.0,1.0,0.2,5,1.0,0.00021361775487078923,0.030672917093808878,36.7036265369424,0.900078645198172,0.005714700004318729,57e83022e434975291a97a3a034c3d58df2966f6fe5ec1638649d2c9dcb601ed,a19f071d8c9a3f47304fed43f4dd0733f7ead41400f945b5bf31189c5e4549c8,c932dfbbbf5ece93ec16ff59044b2946b0e71f561fda50851d88cbb8ae386519
ramps_and_edges,0.05,0,perona_malik,exponential,0.1,1.0,1.0,0.2,10,2.0,0.00012355618949725668,0.023327524845255253,39.08135493910834,0.9600979860864012,0.008898900006897748,57e83022e434975291a97a3a034c3d58df2966f6fe5ec1638649d2c9dcb601ed,a19f071d8c9a3f47304fed43f4dd0733f7ead41400f945b5bf31189c5e4549c8,2e0ba6a13683f6ad5e692b88d630fdf9d50d21052e42a27f0dac10a158090233
ramps_and_edges,0.05,0,perona_malik,exponential,0.1,1.0,1.0,0.2,20,4.0,0.0001614619714003109,0.026666838638027626,37.91929749220062,0.9675144312053865,0.015523499983828515,57e83022e434975291a97a3a034c3d58df2966f6fe5ec1638649d2c9dcb601ed,a19f071d8c9a3f47304fed43f4dd0733f7ead41400f945b5bf31189c5e4549c8,52c366c766bffda28c78fbae26e7b306c9131acdbe1123bbe9c0560800b116a4
ramps_and_edges,0.05,0,perona_malik,rational,0.05,1.0,1.0,0.2,0,0.0,0.002480728828816227,0.10452641476477562,26.05420706338517,0.42460504833025464,0.0,57e83022e434975291a97a3a034c3d58df2966f6fe5ec1638649d2c9dcb601ed,a19f071d8c9a3f47304fed43f4dd0733f7ead41400f945b5bf31189c5e4549c8,a19f071d8c9a3f47304fed43f4dd0733f7ead41400f945b5bf31189c5e4549c8
ramps_and_edges,0.05,0,perona_malik,rational,0.05,1.0,1.0,0.2,5,1.0,0.0003557375855615931,0.039582323524641264,34.48870246875922,0.8271628121674328,0.004205100005492568,57e83022e434975291a97a3a034c3d58df2966f6fe5ec1638649d2c9dcb601ed,a19f071d8c9a3f47304fed43f4dd0733f7ead41400f945b5bf31189c5e4549c8,d07101e0cd870e62aefc6248ee9e413247d2db07bb6e940eea9f27b435a6d7d5
ramps_and_edges,0.05,0,perona_malik,rational,0.05,1.0,1.0,0.2,10,2.0,0.00012732823966692006,0.02368093114649471,38.95075265070752,0.9526800567733967,0.0069524999998975545,57e83022e434975291a97a3a034c3d58df2966f6fe5ec1638649d2c9dcb601ed,a19f071d8c9a3f47304fed43f4dd0733f7ead41400f945b5bf31189c5e4549c8,9c21efc4510a82fe3ad4700b015cb9b125d1999d2c6fb61ef981276ffc9a7fd9
ramps_and_edges,0.05,0,perona_malik,rational,0.05,1.0,1.0,0.2,20,4.0,0.00013004113587366403,0.0239318782490908,38.8591924571613,0.9734365987688337,0.010545900004217401,57e83022e434975291a97a3a034c3d58df2966f6fe5ec1638649d2c9dcb601ed,a19f071d8c9a3f47304fed43f4dd0733f7ead41400f945b5bf31189c5e4549c8,b9ba197fe5d05705caba8d4354532d4a739f3d9c2e291b74214ef61791994d8e
ramps_and_edges,0.05,0,perona_malik,rational,0.1,1.0,1.0,0.2,0,0.0,0.002480728828816227,0.10452641476477562,26.05420706338517,0.42460504833025464,0.0,57e83022e434975291a97a3a034c3d58df2966f6fe5ec1638649d2c9dcb601ed,a19f071d8c9a3f47304fed43f4dd0733f7ead41400f945b5bf31189c5e4549c8,a19f071d8c9a3f47304fed43f4dd0733f7ead41400f945b5bf31189c5e4549c8
ramps_and_edges,0.05,0,perona_malik,rational,0.1,1.0,1.0,0.2,5,1.0,0.00021715811398697802,0.030926048895358105,36.63223938837159,0.9191254028122448,0.003687000018544495,57e83022e434975291a97a3a034c3d58df2966f6fe5ec1638649d2c9dcb601ed,a19f071d8c9a3f47304fed43f4dd0733f7ead41400f945b5bf31189c5e4549c8,4e851a32ea1ddbbdbc48923a2381c14affc8193d4e671f1ff8b3bc492b07dfc8
ramps_and_edges,0.05,0,perona_malik,rational,0.1,1.0,1.0,0.2,10,2.0,0.000256174000963455,0.033589530477251286,35.91464948795311,0.9511560540513937,0.007004200015217066,57e83022e434975291a97a3a034c3d58df2966f6fe5ec1638649d2c9dcb601ed,a19f071d8c9a3f47304fed43f4dd0733f7ead41400f945b5bf31189c5e4549c8,547e95c03e51b7dfb332fdf53cece0d526223db48568139ba7aefae5aec5c8d5
ramps_and_edges,0.05,0,perona_malik,rational,0.1,1.0,1.0,0.2,20,4.0,0.0005030084325625328,0.047067815291085446,32.98424734258826,0.943459483089652,0.01205879999906756,57e83022e434975291a97a3a034c3d58df2966f6fe5ec1638649d2c9dcb601ed,a19f071d8c9a3f47304fed43f4dd0733f7ead41400f945b5bf31189c5e4549c8,9ea7d18abcd293539e4593c1f9813ce11138321f5e0600ad8161d5081e942b46
ramps_and_edges,0.05,1,noisy,,,1.0,1.0,0.2,0,0.0,0.0024748084544400166,0.1044016116904604,26.06458409012803,0.42625156936391634,0.0,57e83022e434975291a97a3a034c3d58df2966f6fe5ec1638649d2c9dcb601ed,1d1c6c74e1a184cad8a0ff05fb8926596431908681019ce1a7cabad1f134dcb3,1d1c6c74e1a184cad8a0ff05fb8926596431908681019ce1a7cabad1f134dcb3
ramps_and_edges,0.05,1,heat,,,1.0,1.0,0.2,0,0.0,0.0024748084544400166,0.1044016116904604,26.06458409012803,0.42625156936391634,0.0,57e83022e434975291a97a3a034c3d58df2966f6fe5ec1638649d2c9dcb601ed,1d1c6c74e1a184cad8a0ff05fb8926596431908681019ce1a7cabad1f134dcb3,1d1c6c74e1a184cad8a0ff05fb8926596431908681019ce1a7cabad1f134dcb3
ramps_and_edges,0.05,1,heat,,,1.0,1.0,0.2,5,1.0,0.0019321451295988721,0.0922478557217533,27.139602554480938,0.8879911537513374,0.0007649999752175063,57e83022e434975291a97a3a034c3d58df2966f6fe5ec1638649d2c9dcb601ed,1d1c6c74e1a184cad8a0ff05fb8926596431908681019ce1a7cabad1f134dcb3,c8b37208408c7009e8ae20d4e7c792176ec41eb1d6d0160f66839e777db8a45d
ramps_and_edges,0.05,1,heat,,,1.0,1.0,0.2,10,2.0,0.0027286823622926126,0.10962583124558836,25.640470163023732,0.8796941329501982,0.0015648999833501875,57e83022e434975291a97a3a034c3d58df2966f6fe5ec1638649d2c9dcb601ed,1d1c6c74e1a184cad8a0ff05fb8926596431908681019ce1a7cabad1f134dcb3,7eec2b3db4d5fcac3c6a98e3a1dc9b1a7b2fe88ba858b36a07d6e49c93a5224e
ramps_and_edges,0.05,1,heat,,,1.0,1.0,0.2,20,4.0,0.00402126203471902,0.1330814715483093,23.956376263438152,0.8418314395517812,0.0030443999858107418,57e83022e434975291a97a3a034c3d58df2966f6fe5ec1638649d2c9dcb601ed,1d1c6c74e1a184cad8a0ff05fb8926596431908681019ce1a7cabad1f134dcb3,a558952e4b5dfc8693553b785ae0d4e6a4d26579e6a7a2fb5b5f904fff9778cd
ramps_and_edges,0.05,1,perona_malik,exponential,0.05,1.0,1.0,0.2,0,0.0,0.0024748084544400166,0.1044016116904604,26.06458409012803,0.42625156936391634,0.0,57e83022e434975291a97a3a034c3d58df2966f6fe5ec1638649d2c9dcb601ed,1d1c6c74e1a184cad8a0ff05fb8926596431908681019ce1a7cabad1f134dcb3,1d1c6c74e1a184cad8a0ff05fb8926596431908681019ce1a7cabad1f134dcb3
ramps_and_edges,0.05,1,perona_malik,exponential,0.05,1.0,1.0,0.2,5,1.0,0.001269827696156793,0.07478401971719506,28.962552047802603,0.5771235818613285,0.004058599995914847,57e83022e434975291a97a3a034c3d58df2966f6fe5ec1638649d2c9dcb601ed,1d1c6c74e1a184cad8a0ff05fb8926596431908681019ce1a7cabad1f134dcb3,f5e22f91f75b9c8ee453cb6ce2e7d6cf2c936e57d24e702c2a29951c2477c247
ramps_and_edges,0.05,1,perona_malik,exponential,0.05,1.0,1.0,0.2,10,2.0,0.000703979517985404,0.055682204303590506,31.524399763057822,0.7189755964103002,0.00694279998424463,57e83022e434975291a97a3a034c3d58df2966f6fe5ec1638649d2c9dcb601ed,1d1c6c74e1a184cad8a0ff05fb8926596431908681019ce1a7cabad1f134dcb3,74699ed826219c5a6134c7bf466a63ee7b58b265f34fd9bc4124091001be74f6
ramps_and_edges,0.05,1,perona_malik,exponential,0.05,1.0,1.0,0.2,20,4.0,0.00036928667586437166,0.04032907181762332,34.32636361731558,0.8430982434176532,0.016628799989121035,57e83022e434975291a97a3a034c3d58df2966f6fe5ec1638649d2c9dcb601ed,1d1c6c74e1a184cad8a0ff05fb8926596431908681019ce1a7cabad1f134dcb3,8be8fdffbb9a185af9a50fcc4d574a4f0510dbeb6e4a333c12aaf41b996a19b5
ramps_and_edges,0.05,1,perona_malik,exponential,0.1,1.0,1.0,0.2,0,0.0,0.0024748084544400166,0.1044016116904604,26.06458409012803,0.42625156936391634,0.0,57e83022e434975291a97a3a034c3d58df2966f6fe5ec1638649d2c9dcb601ed,1d1c6c74e1a184cad8a0ff05fb8926596431908681019ce1a7cabad1f134dcb3,1d1c6c74e1a184cad8a0ff05fb8926596431908681019ce1a7cabad1f134dcb3
ramps_and_edges,0.05,1,perona_malik,exponential,0.1,1.0,1.0,0.2,5,1.0,0.00020807555918753002,0.03027240624410659,36.81778929559451,0.9076733560352699,0.0035291000094730407,57e83022e434975291a97a3a034c3d58df2966f6fe5ec1638649d2c9dcb601ed,1d1c6c74e1a184cad8a0ff05fb8926596431908681019ce1a7cabad1f134dcb3,c087df2570466c16ac7b48cba7eb9f629eb16f90ceb7ec0f2978b7231a0b034e
ramps_and_edges,0.05,1,perona_malik,exponential,0.1,1.0,1.0,0.2,10,2.0,0.00011439506792374656,0.022446056815006103,39.41592699491207,0.9650584877386401,0.006500000017695129,57e83022e434975291a97a3a034c3d58df2966f6fe5ec1638649d2c9dcb601ed,1d1c6c74e1a184cad8a0ff05fb8926596431908681019ce1a7cabad1f134dcb3,3f99c56500f843020e39694f559d6f735166adead3a75731c80da134b73f0c73
ramps_and_edges,0.05,1,perona_malik,exponential,0.1,1.0,1.0,0.2,20,4.0,0.00015170574725769355,0.025848623724485285,38.18997965983064,0.9704110626861443,0.013853700016625226,57e83022e434975291a97a3a034c3d58df2966f6fe5ec1638649d2c9dcb601ed,1d1c6c74e1a184cad8a0ff05fb8926596431908681019ce1a7cabad1f134dcb3,eb35d1c56321c97c1beae53cd3114ca23374700230cbb367982045b3997f57a2
ramps_and_edges,0.05,1,perona_malik,rational,0.05,1.0,1.0,0.2,0,0.0,0.0024748084544400166,0.1044016116904604,26.06458409012803,0.42625156936391634,0.0,57e83022e434975291a97a3a034c3d58df2966f6fe5ec1638649d2c9dcb601ed,1d1c6c74e1a184cad8a0ff05fb8926596431908681019ce1a7cabad1f134dcb3,1d1c6c74e1a184cad8a0ff05fb8926596431908681019ce1a7cabad1f134dcb3
ramps_and_edges,0.05,1,perona_malik,rational,0.05,1.0,1.0,0.2,5,1.0,0.00034783939662813297,0.039140447988499874,34.586212309324026,0.8366473421710808,0.002783200005069375,57e83022e434975291a97a3a034c3d58df2966f6fe5ec1638649d2c9dcb601ed,1d1c6c74e1a184cad8a0ff05fb8926596431908681019ce1a7cabad1f134dcb3,7f8c96f9381b1c8d4471dc2d19f053b59ddc3d6775e75f5c42d3d02d22a860f5
ramps_and_edges,0.05,1,perona_malik,rational,0.05,1.0,1.0,0.2,10,2.0,0.00011843145876182893,0.022838624647182816,39.26532921329715,0.9589384117297324,0.004810999991605058,57e83022e434975291a97a3a034c3d58df2966f6fe5ec1638649d2c9dcb601ed,1d1c6c74e1a184cad8a0ff05fb8926596431908681019ce1a7cabad1f134dcb3,69ada7b033916f811a922069fa8d04dd26aa05269e5b2d7bd1c28f0e320ca0ef
ramps_and_edges,0.05,1,perona_malik,rational,0.05,1.0,1.0,0.2,20,4.0,0.00011794590635838709,0.022791758980073174,39.28317127917984,0.9762765092572036,0.008493500004988164,57e83022e434975291a97a3a034c3d58df2966f6fe5ec1638649d2c9dcb601ed,1d1c6c74e1a184cad8a0ff05fb8926596431908681019ce1a7cabad1f134dcb3,087492c2c7a23c5204e0ca33f13b29fd24d8775cbe74b82e2a3ea5c5f77bc9fb
ramps_and_edges,0.05,1,perona_malik,rational,0.1,1.0,1.0,0.2,0,0.0,0.0024748084544400166,0.1044016116904604,26.06458409012803,0.42625156936391634,0.0,57e83022e434975291a97a3a034c3d58df2966f6fe5ec1638649d2c9dcb601ed,1d1c6c74e1a184cad8a0ff05fb8926596431908681019ce1a7cabad1f134dcb3,1d1c6c74e1a184cad8a0ff05fb8926596431908681019ce1a7cabad1f134dcb3
ramps_and_edges,0.05,1,perona_malik,rational,0.1,1.0,1.0,0.2,5,1.0,0.00019667161694743947,0.029431151330532982,37.06258311623789,0.9301546384678593,0.0036198000016156584,57e83022e434975291a97a3a034c3d58df2966f6fe5ec1638649d2c9dcb601ed,1d1c6c74e1a184cad8a0ff05fb8926596431908681019ce1a7cabad1f134dcb3,3b1266c56c8ecab973de094d2926445ce72a34b0973f926c258cc13504697c3c
ramps_and_edges,0.05,1,perona_malik,rational,0.1,1.0,1.0,0.2,10,2.0,0.00023868923102195614,0.03242297192668012,36.221671746808994,0.9564726740874255,0.00690880001639016,57e83022e434975291a97a3a034c3d58df2966f6fe5ec1638649d2c9dcb601ed,1d1c6c74e1a184cad8a0ff05fb8926596431908681019ce1a7cabad1f134dcb3,4480d7cd2a6406c196b7fcd5396db3c2c73852aa7bcc7a64bc06904d61638b51
ramps_and_edges,0.05,1,perona_malik,rational,0.1,1.0,1.0,0.2,20,4.0,0.0004804193285939607,0.04599881498364692,33.18379528053405,0.945216311351594,0.01060680000227876,57e83022e434975291a97a3a034c3d58df2966f6fe5ec1638649d2c9dcb601ed,1d1c6c74e1a184cad8a0ff05fb8926596431908681019ce1a7cabad1f134dcb3,f9cafab9b6648305a8ebb7a557c2829843b76d87355d4d67623b1061fa391874
ramps_and_edges,0.1,0,noisy,,,1.0,1.0,0.2,0,0.0,0.00992291531526491,0.20905282952955123,20.033607150105546,0.23202048005029674,0.0,57e83022e434975291a97a3a034c3d58df2966f6fe5ec1638649d2c9dcb601ed,19969424b63a8796328e8fa0ffa5d45c8a0b6577be55e138bb7225c714a6f447,19969424b63a8796328e8fa0ffa5d45c8a0b6577be55e138bb7225c714a6f447
ramps_and_edges,0.1,0,heat,,,1.0,1.0,0.2,0,0.0,0.00992291531526491,0.20905282952955123,20.033607150105546,0.23202048005029674,0.0,57e83022e434975291a97a3a034c3d58df2966f6fe5ec1638649d2c9dcb601ed,19969424b63a8796328e8fa0ffa5d45c8a0b6577be55e138bb7225c714a6f447,19969424b63a8796328e8fa0ffa5d45c8a0b6577be55e138bb7225c714a6f447
ramps_and_edges,0.1,0,heat,,,1.0,1.0,0.2,5,1.0,0.002274047073091999,0.10007742739858289,26.432005495988086,0.7637476652015137,0.0007409999961964786,57e83022e434975291a97a3a034c3d58df2966f6fe5ec1638649d2c9dcb601ed,19969424b63a8796328e8fa0ffa5d45c8a0b6577be55e138bb7225c714a6f447,89bc0ccbeff29b371c0dbb08324979a45d4f68ad6b63f3b3322752fcfb4ebbf2
ramps_and_edges,0.1,0,heat,,,1.0,1.0,0.2,10,2.0,0.002911539865144623,0.1132394569641523,25.358772591043667,0.8234563062023585,0.0014639000000897795,57e83022e434975291a97a3a034c3d58df2966f6fe5ec1638649d2c9dcb601ed,19969424b63a8796328e8fa0ffa5d45c8a0b6577be55e138bb7225c714a6f447,cf10293d854cb70bb8c4014a4d5329f63f6cf9b950309387139b6c583ac6e570
ramps_and_edges,0.1,0,heat,,,1.0,1.0,0.2,20,4.0,0.004129889300205747,0.13486697387528004,23.84061589252586,0.822984148668817,0.002904499997384846,57e83022e434975291a97a3a034c3d58df2966f6fe5ec1638649d2c9dcb601ed,19969424b63a8796328e8fa0ffa5d45c8a0b6577be55e138bb7225c714a6f447,127807a39479fc6a57a2153c54686b95272e72f6c333c84946427b8deb79d724
ramps_and_edges,0.1,0,perona_malik,exponential,0.05,1.0,1.0,0.2,0,0.0,0.00992291531526491,0.20905282952955123,20.033607150105546,0.23202048005029674,0.0,57e83022e434975291a97a3a034c3d58df2966f6fe5ec1638649d2c9dcb601ed,19969424b63a8796328e8fa0ffa5d45c8a0b6577be55e138bb7225c714a6f447,19969424b63a8796328e8fa0ffa5d45c8a0b6577be55e138bb7225c714a6f447
ramps_and_edges,0.1,0,perona_malik,exponential,0.05,1.0,1.0,0.2,5,1.0,0.009069398283985872,0.19985989035554277,20.424215255764224,0.24189004310641402,0.004781399999046698,57e83022e434975291a97a3a034c3d58df2966f6fe5ec1638649d2c9dcb601ed,19969424b63a8796328e8fa0ffa5d45c8a0b6577be55e138bb7225c714a6f447,740771fab1fa2014733b1354f94ccd59d411baf54c9a1fafe61336e5428dd264
ramps_and_edges,0.1,0,perona_malik,exponential,0.05,1.0,1.0,0.2,10,2.0,0.008469661895198426,0.19313876255038984,20.72133926148682,0.24981058208317153,0.010067900002468377,57e83022e434975291a97a3a034c3d58df2966f6fe5ec1638649d2c9dcb601ed,19969424b63a8796328e8fa0ffa5d45c8a0b6577be55e138bb7225c714a6f447,d729d355dc6db0c08b4d82378e44a0a8e7879d9a84b6cc9030621e5965ac8959
ramps_and_edges,0.1,0,perona_malik,exponential,0.05,1.0,1.0,0.2,20,4.0,0.007606881473839353,0.18303735540128585,21.18793350625296,0.26330218753130324,0.018413800018606707,57e83022e434975291a97a3a034c3d58df2966f6fe5ec1638649d2c9dcb601ed,19969424b63a8796328e8fa0ffa5d45c8a0b6577be55e138bb7225c714a6f447,bdb55181e77ba44aef0791bc5509933f5d6d3d645e66725fef2ad5ca22f18b88
ramps_and_edges,0.1,0,perona_malik,exponential,0.1,1.0,1.0,0.2,0,0.0,0.00992291531526491,0.20905282952955123,20.033607150105546,0.23202048005029674,0.0,57e83022e434975291a97a3a034c3d58df2966f6fe5ec1638649d2c9dcb601ed,19969424b63a8796328e8fa0ffa5d45c8a0b6577be55e138bb7225c714a6f447,19969424b63a8796328e8fa0ffa5d45c8a0b6577be55e138bb7225c714a6f447
ramps_and_edges,0.1,0,perona_malik,exponential,0.1,1.0,1.0,0.2,5,1.0,0.0051097844468155525,0.15001604017672157,22.915974199304635,0.32258938768554113,0.003624699980719015,57e83022e434975291a97a3a034c3d58df2966f6fe5ec1638649d2c9dcb601ed,19969424b63a8796328e8fa0ffa5d45c8a0b6577be55e138bb7225c714a6f447,e4c309ed8a8fbd3e3080bb541a89fe69659cef78efd28af838d08d70e78135ac
ramps_and_edges,0.1,0,perona_malik,exponential,0.1,1.0,1.0,0.2,10,2.0,0.0028579255275341855,0.11219199260091074,25.439490923408336,0.4468669288032597,0.0076499999850057065,57e83022e434975291a97a3a034c3d58df2966f6fe5ec1638649d2c9dcb601ed,19969424b63a8796328e8fa0ffa5d45c8a0b6577be55e138bb7225c714a6f447,f5be18cd596c0f16afd9986fa29b1f001eeb463846f1682400800bbaaff1f636
ramps_and_edges,0.1,0,perona_malik,exponential,0.1,1.0,1.0,0.2,20,4.0,0.0015396399107936382,0.08234665981799694,28.125808395800522,0.6380338206567819,0.014174199983244762,57e83022e434975291a97a3a034c3d58df2966f6fe5ec1638649d2c9dcb601ed,19969424b63a8796328e8fa0ffa5d45c8a0b6577be55e138bb7225c714a6f447,8259c41467895c74315023f21a94e8da63f69ee19c98c1db37b223465ad1d045
ramps_and_edges,0.1,0,perona_malik,rational,0.05,1.0,1.0,0.2,0,0.0,0.00992291531526491,0.20905282952955123,20.033607150105546,0.23202048005029674,0.0,57e83022e434975291a97a3a034c3d58df2966f6fe5ec1638649d2c9dcb601ed,19969424b63a8796328e8fa0ffa5d45c8a0b6577be55e138bb7225c714a6f447,19969424b63a8796328e8fa0ffa5d45c8a0b6577be55e138bb7225c714a6f447
ramps_and_edges,0.1,0,perona_malik,rational,0.05,1.0,1.0,0.2,5,1.0,0.004959142832685821,0.14778818518196618,23.045933830269043,0.32182974289914257,0.0022256000083871186,57e83022e434975291a97a3a034c3d58df2966f6fe5ec1638649d2c9dcb601ed,19969424b63a8796328e8fa0ffa5d45c8a0b6577be55e138bb7225c714a6f447,03c581b9d3c19b48d871aed65104eb727469860f7722cbc76c93b6aa3c3d2fc5
ramps_and_edges,0.1,0,perona_malik,rational,0.05,1.0,1.0,0.2,10,2.0,0.0022297562789368045,0.09909804923299542,26.517426044394572,0.48250197560800173,0.004258000000845641,57e83022e434975291a97a3a034c3d58df2966f6fe5ec1638649d2c9dcb601ed,19969424b63a8796328e8fa0ffa5d45c8a0b6577be55e138bb7225c714a6f447,631780a21809ba41ea0d0ae3707c4e5a72a18ac9ef0a69c3ca19b3835cd42b15
ramps_and_edges,0.1,0,perona_malik,rational,0.05,1.0,1.0,0.2,20,4.0,0.0005463408565100591,0.04905330201871743,32.62536320822788,0.8364285896256706,0.009660599986091256,57e83022e434975291a97a3a034c3d58df2966f6fe5ec1638649d2c9dcb601ed,19969424b63a8796328e8fa0ffa5d45c8a0b6577be55e138bb7225c714a6f447,a229cd2e4b32d89cedef3b8e01ecb1cb49914aab221c1f2ae430121367f396c5
ramps_and_edges,0.1,0,perona_malik,rational,0.1,1.0,1.0,0.2,0,0.0,0.00992291531526491,0.20905282952955123,20.033607150105546,0.23202048005029674,0.0,57e83022e434975291a97a3a034c3d58df2966f6fe5ec1638649d2c9dcb601ed,19969424b63a8796328e8fa0ffa5d45c8a0b6577be55e138bb7225c714a6f447,19969424b63a8796328e8fa0ffa5d45c8a0b6577be55e138bb7225c714a6f447
ramps_and_edges,0.1,0,perona_malik,rational,0.1,1.0,1.0,0.2,5,1.0,0.0014275637869245847,0.0792928757583705,28.45404477344494,0.5857242584932933,0.0028858000005129725,57e83022e434975291a97a3a034c3d58df2966f6fe5ec1638649d2c9dcb601ed,19969424b63a8796328e8fa0ffa5d45c8a0b6577be55e138bb7225c714a6f447,00559f8247db31e613cdeee2060edf240038e55c09794e03b57f6a07bfa86b59
ramps_and_edges,0.1,0,perona_malik,rational,0.1,1.0,1.0,0.2,10,2.0,0.0005572460197562352,0.049540444067574116,32.539530248738835,0.843352960221201,0.005045799975050613,57e83022e434975291a97a3a034c3d58df2966f6fe5ec1638649d2c9dcb601ed,19969424b63a8796328e8fa0ffa5d45c8a0b6577be55e138bb7225c714a6f447,32fe2a7aa4d33a95c6761b7883cb651341bd9ab2e0030f3e0d45e9baca577142
ramps_and_edges,0.1,0,perona_malik,rational,0.1,1.0,1.0,0.2,20,4.0,0.0006137104306477723,0.05198980157747541,32.12036495366428,0.91479141927333,0.010749599983682856,57e83022e434975291a97a3a034c3d58df2966f6fe5ec1638649d2c9dcb601ed,19969424b63a8796328e8fa0ffa5d45c8a0b6577be55e138bb7225c714a6f447,3f7a7608e9baedad8b40ddaca1c2e8520e813c94a5bb2e08592a5faa51cbfa5e
ramps_and_edges,0.1,1,noisy,,,1.0,1.0,0.2,0,0.0,0.009899233817760068,0.2088032233809208,20.043984176848404,0.23180600298489967,0.0,57e83022e434975291a97a3a034c3d58df2966f6fe5ec1638649d2c9dcb601ed,26f0bc1d6df00bb89719196ea2f39563f4beb68fc63006cb2e2fedd294501a0b,26f0bc1d6df00bb89719196ea2f39563f4beb68fc63006cb2e2fedd294501a0b
ramps_and_edges,0.1,1,heat,,,1.0,1.0,0.2,0,0.0,0.009899233817760068,0.2088032233809208,20.043984176848404,0.23180600298489967,0.0,57e83022e434975291a97a3a034c3d58df2966f6fe5ec1638649d2c9dcb601ed,26f0bc1d6df00bb89719196ea2f39563f4beb68fc63006cb2e2fedd294501a0b,26f0bc1d6df00bb89719196ea2f39563f4beb68fc63006cb2e2fedd294501a0b
ramps_and_edges,0.1,1,heat,,,1.0,1.0,0.2,5,1.0,0.002197050612201255,0.09836858820991663,26.58159938370094,0.7871533270428239,0.0013360999873839319,57e83022e434975291a97a3a034c3d58df2966f6fe5ec1638649d2c9dcb601ed,26f0bc1d6df00bb89719196ea2f39563f4beb68fc63006cb2e2fedd294501a0b,152955002dcfc374d2a02efc079b73d8ce98df1bd9527c4d966110204bc656f2
ramps_and_edges,0.1,1,heat,,,1.0,1.0,0.2,10,2.0,0.0028567880712815283,0.11216966413532575,25.44121976238484,0.8347029747608605,0.0020963999850209802,57e83022e434975291a97a3a034c3d58df2966f6fe5ec1638649d2c9dcb601ed,26f0bc1d6df00bb89719196ea2f39563f4beb68fc63006cb2e2fedd294501a0b,fb16d3a96c06baebc46f54e04ef7ef4ef157b6346d5b54fd7e98016981f8aba4
ramps_and_edges,0.1,1,heat,,,1.0,1.0,0.2,20,4.0,0.004080234333274341,0.13405374789625793,23.893148940852345,0.8249035669787923,0.00359429998206906,57e83022e434975291a97a3a034c3d58df2966f6fe5ec1638649d2c9dcb601ed,26f0bc1d6df00bb89719196ea2f39563f4beb68fc63006cb2e2fedd294501a0b,5430a28aedc5e23b04109185e5d96a9754258333a286ae5eb1974978adb9df79
ramps_and_edges,0.1,1,perona_malik,exponential,0.05,1.0,1.0,0.2,0,0.0,0.009899233817760068,0.2088032233809208,20.043984176848404,0.23180600298489967,0.0,57e83022e434975291a97a3a034c3d58df2966f6fe5ec1638649d2c9dcb601ed,26f0bc1d6df00bb89719196ea2f39563f4beb68fc63006cb2e2fedd294501a0b,26f0bc1d6df00bb89719196ea2f39563f4beb68fc63006cb2e2fedd294501a0b
ramps_and_edges,0.1,1,perona_malik,exponential,0.05,1.0,1.0,0.2,5,1.0,0.009038587251130898,0.19952011431231462,20.438994452973276,0.24202127950021954,0.0031433000112883747,57e83022e434975291a97a3a034c3d58df2966f6fe5ec1638649d2c9dcb601ed,26f0bc1d6df00bb89719196ea2f39563f4beb68fc63006cb2e2fedd294501a0b,b536786f3e554932e003ff3bbdbaf32915f967b2e104968603b9517de9bd436e
ramps_and_edges,0.1,1,perona_malik,exponential,0.05,1.0,1.0,0.2,10,2.0,0.008436563930524828,0.19276101681237007,20.73834398144319,0.25024865022651627,0.0064393999928142875,57e83022e434975291a97a3a034c3d58df2966f6fe5ec1638649d2c9dcb601ed,26f0bc1d6df00bb89719196ea2f39563f4beb68fc63006cb2e2fedd294501a0b,50f3dae515f1ad2cfadde5e21b29e641489644360b61ed67bd8aa287aab2401e
ramps_and_edges,0.1,1,perona_malik,exponential,0.05,1.0,1.0,0.2,20,4.0,0.007566706191735863,0.18255336518093687,21.210931289616127,0.2647295615724299,0.012572500010719523,57e83022e434975291a97a3a034c3d58df2966f6fe5ec1638649d2c9dcb601ed,26f0bc1d6df00bb89719196ea2f39563f4beb68fc63006cb2e2fedd294501a0b,8bfcd8bef492e34ceb8f5fe510c510392fcb35d8d0880698b42c723d67ef4ccb
ramps_and_edges,0.1,1,perona_malik,exponential,0.1,1.0,1.0,0.2,0,0.0,0.009899233817760068,0.2088032233809208,20.043984176848404,0.23180600298489967,0.0,57e83022e434975291a97a3a034c3d58df2966f6fe5ec1638649d2c9dcb601ed,26f0bc1d6df00bb89719196ea2f39563f4beb68fc63006cb2e2fedd294501a0b,26f0bc1d6df00bb89719196ea2f39563f4beb68fc63006cb2e2fedd294501a0b
ramps_and_edges,0.1,1,perona_malik,exponential,0.1,1.0,1.0,0.2,5,1.0,0.005081655152180383,0.14960255218847132,22.93994810081927,0.3273909418170642,0.00393810000969097,57e83022e434975291a97a3a034c3d58df2966f6fe5ec1638649d2c9dcb601ed,26f0bc1d6df00bb89719196ea2f39563f4beb68fc63006cb2e2fedd294501a0b,0bfe5c495a01f9d1c836f5eaa951a6845c39d2d4c63e0b85e49629248b748ed4
ramps_and_edges,0.1,1,perona_malik,exponential,0.1,1.0,1.0,0.2,10,2.0,0.002809713123903302,0.11124164376888832,25.513380199760306,0.4674372719578301,0.00692060001892969,57e83022e434975291a97a3a034c3d58df2966f6fe5ec1638649d2c9dcb601ed,26f0bc1d6df00bb89719196ea2f39563f4beb68fc63006cb2e2fedd294501a0b,43b60e6552c9fc1f21be0bef109b5cace6f6404d3b3d5a69d781bb7ba5c530b5
ramps_and_edges,0.1,1,perona_malik,exponential,0.1,1.0,1.0,0.2,20,4.0,0.0015099555356489593,0.08154897128356649,28.210358413867112,0.6629365391759364,0.012671000004047528,57e83022e434975291a97a3a034c3d58df2966f6fe5ec1638649d2c9dcb601ed,26f0bc1d6df00bb89719196ea2f39563f4beb68fc63006cb2e2fedd294501a0b,eea7db22e638f9867d9ccd9cb06687ff2ba2b22f6c74d21f735c6f3a21645fa4
ramps_and_edges,0.1,1,perona_malik,rational,0.05,1.0,1.0,0.2,0,0.0,0.009899233817760068,0.2088032233809208,20.043984176848404,0.23180600298489967,0.0,57e83022e434975291a97a3a034c3d58df2966f6fe5ec1638649d2c9dcb601ed,26f0bc1d6df00bb89719196ea2f39563f4beb68fc63006cb2e2fedd294501a0b,26f0bc1d6df00bb89719196ea2f39563f4beb68fc63006cb2e2fedd294501a0b
ramps_and_edges,0.1,1,perona_malik,rational,0.05,1.0,1.0,0.2,5,1.0,0.004947238355289475,0.14761069501199398,23.056371650566337,0.32443226836159955,0.002062499988824129,57e83022e434975291a97a3a034c3d58df2966f6fe5ec1638649d2c9dcb601ed,26f0bc1d6df00bb89719196ea2f39563f4beb68fc63006cb2e2fedd294501a0b,dd733649e2cdc8b3289edea2dd4bdcad2f226060ae1d23acffd965ae830bf0b6
ramps_and_edges,0.1,1,perona_malik,rational,0.05,1.0,1.0,0.2,10,2.0,0.0021998352680817073,0.0984309071945369,26.576098395603907,0.498034226704983,0.003977799991844222,57e83022e434975291a97a3a034c3d58df2966f6fe5ec1638649d2c9dcb601ed,26f0bc1d6df00bb89719196ea2f39563f4beb68fc63006cb2e2fedd294501a0b,f6ab92fea98400c4757f451adc6e2c583f82a025752541b10e6c4283f8a798e5
ramps_and_edges,0.1,1,perona_malik,rational,0.05,1.0,1.0,0.2,20,4.0,0.0005453145501124585,0.04900720681816299,32.633529142896165,0.8475548953369019,0.011891000001924112,57e83022e434975291a97a3a034c3d58df2966f6fe5ec1638649d2c9dcb601ed,26f0bc1d6df00bb89719196ea2f39563f4beb68fc63006cb2e2fedd294501a0b,c81651e48a56f11c49a17798561ac6d8bf7d90527e5d65b0ec41f91c810f061b
ramps_and_edges,0.1,1,perona_malik,rational,0.1,1.0,1.0,0.2,0,0.0,0.009899233817760068,0.2088032233809208,20.043984176848404,0.23180600298489967,0.0,57e83022e434975291a97a3a034c3d58df2966f6fe5ec1638649d2c9dcb601ed,26f0bc1d6df00bb89719196ea2f39563f4beb68fc63006cb2e2fedd294501a0b,26f0bc1d6df00bb89719196ea2f39563f4beb68fc63006cb2e2fedd294501a0b
ramps_and_edges,0.1,1,perona_malik,rational,0.1,1.0,1.0,0.2,5,1.0,0.0013882356378068716,0.07819302274112479,28.57536810888703,0.6032175015306019,0.002120100019965321,57e83022e434975291a97a3a034c3d58df2966f6fe5ec1638649d2c9dcb601ed,26f0bc1d6df00bb89719196ea2f39563f4beb68fc63006cb2e2fedd294501a0b,9933a55a37173b3c7c8b71c1538a946dd6ec060736e0086d0b693719c094e699
ramps_and_edges,0.1,1,perona_malik,rational,0.1,1.0,1.0,0.2,10,2.0,0.0005297211342918866,0.0483014376983448,32.75952699665412,0.8615228120531356,0.004035699996165931,57e83022e434975291a97a3a034c3d58df2966f6fe5ec1638649d2c9dcb601ed,26f0bc1d6df00bb89719196ea2f39563f4beb68fc63006cb2e2fedd294501a0b,51d69fc49f583db422c4c98db38ec9e5220528446fc4d4566a4496a287cd1e2e
ramps_and_edges,0.1,1,perona_malik,rational,0.1,1.0,1.0,0.2,20,4.0,0.0005958828131736878,0.05122911310703094,32.24839140588757,0.9207551520827382,0.007627100014360622,57e83022e434975291a97a3a034c3d58df2966f6fe5ec1638649d2c9dcb601ed,26f0bc1d6df00bb89719196ea2f39563f4beb68fc63006cb2e2fedd294501a0b,2320ee371097f68d94f776efd21840f51b8ad5fed7e56f8e7fcc7cecff2b0e1c
