comparison_n,image,sigma,method,conduction,K,dx,dy,dt,n,diffusion_time,n_seeds,mse_mean,mse_std,relative_l2_mean,relative_l2_std,psnr_mean,psnr_std,ssim_mean,ssim_std,duration_seconds_mean,duration_seconds_std
1,geometric_shapes,0.1,heat,,,1.0,1.0,0.2,1,0.2,1,0.0027970996224309123,0.0,0.12525681018730028,0.0,25.532920653762268,0.0,0.43067728025904073,0.0,0.00035119999665766954,0.0
1,geometric_shapes,0.1,noisy,,,1.0,1.0,0.2,0,0.0,1,0.00992291531526491,0.0,0.2359212294988085,0.0,20.033607150105546,0.0,0.21701055161305105,0.0,0.0,0.0
1,geometric_shapes,0.1,perona_malik,exponential,0.025,1.0,1.0,0.2,1,0.2,1,0.009895242807520589,0.0,0.2355920374313676,0.0,20.045735446943116,0.0,0.2172760364759858,0.0,0.0007559999939985573,0.0
1,geometric_shapes,0.1,perona_malik,exponential,0.05,1.0,1.0,0.2,1,0.2,1,0.009717964492591144,0.0,0.23347212401437173,0.0,20.124246920912782,0.0,0.21899044961894035,0.0,0.0008050999895203859,0.0
1,geometric_shapes,0.1,perona_malik,exponential,0.1,1.0,1.0,0.2,1,0.2,1,0.008679607151353717,0.0,0.2206466890004655,0.0,20.614999310286105,0.0,0.23023005688579773,0.0,0.000764899974456057,0.0
1,geometric_shapes,0.1,perona_malik,exponential,0.2,1.0,1.0,0.2,1,0.2,1,0.005626711650017966,0.0,0.17765388538102161,0.0,22.497453404022142,0.0,0.28061441916797636,0.0,0.0010185999854002148,0.0
1,geometric_shapes,0.1,perona_malik,rational,0.025,1.0,1.0,0.2,1,0.2,1,0.009539847875750653,0.0,0.23132262134552947,0.0,20.2045855058404,0.0,0.22068355702350503,0.0,0.0004996999923605472,0.0
1,geometric_shapes,0.1,perona_malik,rational,0.05,1.0,1.0,0.2,1,0.2,1,0.008719667766036904,0.0,0.2211552987769919,0.0,20.595000621001887,0.0,0.2293795136486892,0.0,0.0005283000064082444,0.0
1,geometric_shapes,0.1,perona_malik,rational,0.1,1.0,1.0,0.2,1,0.2,1,0.006876494195946615,0.0,0.1963952233137541,0.0,21.626329192362824,0.0,0.25473199172823197,0.0,0.0008008000149857253,0.0
1,geometric_shapes,0.1,perona_malik,rational,0.2,1.0,1.0,0.2,1,0.2,1,0.004351870522821391,0.0,0.15623752955865683,0.0,23.613240342797045,0.0,0.31511095600083117,0.0,0.0006187000253703445,0.0
2,geometric_shapes,0.1,heat,,,1.0,1.0,0.2,2,0.4,1,0.0021551545046213125,0.0,0.1099478105960632,0.0,26.665215894943564,0.0,0.5781931583860282,0.0,0.0005391000013332814,0.0
2,geometric_shapes,0.1,noisy,,,1.0,1.0,0.2,0,0.0,1,0.00992291531526491,0.0,0.2359212294988085,0.0,20.033607150105546,0.0,0.21701055161305105,0.0,0.0,0.0
2,geometric_shapes,0.1,perona_malik,exponential,0.025,1.0,1.0,0.2,2,0.4,1,0.00986989978664322,0.0,0.23529015288821112,0.0,20.05687256887487,0.0,0.21751840822851953,0.0,0.0015872000076342374,0.0
2,geometric_shapes,0.1,perona_malik,exponential,0.05,1.0,1.0,0.2,2,0.4,1,0.009530973472453954,0.0,0.2312150028648043,0.0,20.208627392227733,0.0,0.22086499962752842,0.0,0.0016085999959614128,0.0
2,geometric_shapes,0.1,perona_malik,exponential,0.1,1.0,1.0,0.2,2,0.4,1,0.007580349517284967,0.0,0.2062015833311161,0.0,21.203107693113942,0.0,0.24511903396588602,0.0,0.001348999998299405,0.0
2,geometric_shapes,0.1,perona_malik,exponential,0.2,1.0,1.0,0.2,2,0.4,1,0.003082021944069143,0.0,0.13148167971029484,0.0,25.111642734196074,0.0,0.38001460005371945,0.0,0.0017499999958090484,0.0
2,geometric_shapes,0.1,perona_malik,rational,0.025,1.0,1.0,0.2,2,0.4,1,0.009168910287713147,0.0,0.22678077864147764,0.0,20.37682276560605,0.0,0.22448155790049956,0.0,0.000836799998069182,0.0
2,geometric_shapes,0.1,perona_malik,rational,0.05,1.0,1.0,0.2,2,0.4,1,0.007622787662294194,0.0,0.20677798149788224,0.0,21.178861776166013,0.0,0.24345625125786025,0.0,0.0009648000122979283,0.0
2,geometric_shapes,0.1,perona_malik,rational,0.1,1.0,1.0,0.2,2,0.4,1,0.004623684942925314,0.0,0.1610428683490656,0.0,23.350117663285776,0.0,0.30756055239406127,0.0,0.0012234000023454428,0.0
2,geometric_shapes,0.1,perona_malik,rational,0.2,1.0,1.0,0.2,2,0.4,1,0.0020219316415397547,0.0,0.10649534251983277,0.0,26.942335313384493,0.0,0.4630191963079325,0.0,0.0009384000150021166,0.0
5,geometric_shapes,0.1,heat,,,1.0,1.0,0.2,5,1.0,1,0.002445923889134543,0.0,0.11713019053834438,0.0,26.115570612176242,0.0,0.7411310424148363,0.0,0.0008553000225219876,0.0
5,geometric_shapes,0.1,noisy,,,1.0,1.0,0.2,0,0.0,1,0.00992291531526491,0.0,0.2359212294988085,0.0,20.033607150105546,0.0,0.21701055161305105,0.0,0.0,0.0
5,geometric_shapes,0.1,perona_malik,exponential,0.025,1.0,1.0,0.2,5,1.0,1,0.009806518692675514,0.0,0.23453346000144404,0.0,20.084851395000758,0.0,0.21812375862534444,0.0,0.00415589998010546,0.0
5,geometric_shapes,0.1,perona_malik,exponential,0.05,1.0,1.0,0.2,5,1.0,1,0.009057643804133285,0.0,0.22540056446363935,0.0,20.429847621407028,0.0,0.2259454547224924,0.0,0.004723099991679192,0.0
5,geometric_shapes,0.1,perona_malik,exponential,0.1,1.0,1.0,0.2,5,1.0,1,0.005049364684094294,0.0,0.16829288267132894,0.0,22.96763261792087,0.0,0.30153098998641614,0.0,0.0030295999895315617,0.0
5,geometric_shapes,0.1,perona_malik,exponential,0.2,1.0,1.0,0.2,5,1.0,1,0.0007894661574090018,0.0,0.06654480230033173,0.0,31.026664824581523,0.0,0.7005151494935621,0.0,0.004179299983661622,0.0
5,geometric_shapes,0.1,perona_malik,rational,0.025,1.0,1.0,0.2,5,1.0,1,0.008124423376883301,0.0,0.213473344337406,0.0,20.902074528874657,0.0,0.2367328631186795,0.0,0.0017438000068068504,0.0
5,geometric_shapes,0.1,perona_malik,rational,0.05,1.0,1.0,0.2,5,1.0,1,0.004925741925320172,0.0,0.16621997299392027,0.0,23.07528345916614,0.0,0.29975109112359277,0.0,0.0017792000144254416,0.0
5,geometric_shapes,0.1,perona_malik,rational,0.1,1.0,1.0,0.2,5,1.0,1,0.0013639378991049849,0.0,0.08746709019696411,0.0,28.652054029126766,0.0,0.564235557499964,0.0,0.003068999998504296,0.0
5,geometric_shapes,0.1,perona_malik,rational,0.2,1.0,1.0,0.2,5,1.0,1,0.0007554467285040906,0.0,0.065095250527122,0.0,31.21796155193143,0.0,0.7487496670965258,0.0,0.0020223000028636307,0.0
10,geometric_shapes,0.1,heat,,,1.0,1.0,0.2,10,2.0,1,0.003149498281347059,0.0,0.13291318594505042,0.0,25.01758624304644,0.0,0.8002585929766274,0.0,0.0013458000030368567,0.0
10,geometric_shapes,0.1,noisy,,,1.0,1.0,0.2,0,0.0,1,0.00992291531526491,0.0,0.2359212294988085,0.0,20.033607150105546,0.0,0.21701055161305105,0.0,0.0,0.0
10,geometric_shapes,0.1,perona_malik,exponential,0.025,1.0,1.0,0.2,10,2.0,1,0.009730431459830616,0.0,0.23362183419322638,0.0,20.118679021294703,0.0,0.21884864250576253,0.0,0.008134999981848523,0.0
10,geometric_shapes,0.1,perona_malik,exponential,0.05,1.0,1.0,0.2,10,2.0,1,0.00844876820813061,0.0,0.21769280637135502,0.0,20.732066045896246,0.0,0.23326957561996367,0.0,0.007675700006075203,0.0
10,geometric_shapes,0.1,perona_malik,exponential,0.1,1.0,1.0,0.2,10,2.0,1,0.0027650940223499475,0.0,0.12453812763405041,0.0,25.582900966581924,0.0,0.4270085609640434,0.0,0.005755899997893721,0.0
10,geometric_shapes,0.1,perona_malik,exponential,0.2,1.0,1.0,0.2,10,2.0,1,0.00035774435725122503,0.0,0.04479543687972181,0.0,34.46427207698116,0.0,0.8712195914834175,0.0,0.006650699971942231,0.0
10,geometric_shapes,0.1,perona_malik,rational,0.025,1.0,1.0,0.2,10,2.0,1,0.006580565438749386,0.0,0.19212283497103144,0.0,21.817367877875384,0.0,0.2608508655647086,0.0,0.003181699983542785,0.0
10,geometric_shapes,0.1,perona_malik,rational,0.05,1.0,1.0,0.2,10,2.0,1,0.002163095606877981,0.0,0.11015018680591888,0.0,26.64924284711663,0.0,0.4603489905447428,0.0,0.004087500012246892,0.0
10,geometric_shapes,0.1,perona_malik,rational,0.1,1.0,1.0,0.2,10,2.0,1,0.0004399977798405023,0.0,0.04967897456924382,0.0,33.565495148898385,0.0,0.8391412507817534,0.0,0.005384999996749684,0.0
10,geometric_shapes,0.1,perona_malik,rational,0.2,1.0,1.0,0.2,10,2.0,1,0.0008275173084108241,0.0,0.068129613236637,0.0,30.82222913723001,0.0,0.8575067240582396,0.0,0.0037530000263359398,0.0
20,geometric_shapes,0.1,heat,,,1.0,1.0,0.2,20,4.0,1,0.004310999335034163,0.0,0.15550213577376373,0.0,23.654220441354454,0.0,0.8000890390088301,0.0,0.0022911000123713166,0.0
20,geometric_shapes,0.1,noisy,,,1.0,1.0,0.2,0,0.0,1,0.00992291531526491,0.0,0.2359212294988085,0.0,20.033607150105546,0.0,0.21701055161305105,0.0,0.0,0.0
20,geometric_shapes,0.1,perona_malik,exponential,0.025,1.0,1.0,0.2,20,4.0,1,0.009630326099744003,0.0,0.23241699248625153,0.0,20.163590066530837,0.0,0.2198258736813011,0.0,0.01741939998464659,0.0
20,geometric_shapes,0.1,perona_malik,exponential,0.05,1.0,1.0,0.2,20,4.0,1,0.007579069142734325,0.0,0.20618416814409543,0.0,21.20384130911322,0.0,0.245874713732164,0.0,0.012631399993551895,0.0
20,geometric_shapes,0.1,perona_malik,exponential,0.1,1.0,1.0,0.2,20,4.0,1,0.00142181685622942,0.0,0.08930365001235459,0.0,28.471563413357824,0.0,0.6288163554857421,0.0,0.010885800002142787,0.0
20,geometric_shapes,0.1,perona_malik,exponential,0.2,1.0,1.0,0.2,20,4.0,1,0.00025740845624170353,0.0,0.03799782912223875,0.0,35.89377189992683,0.0,0.9361695469595371,0.0,0.012214099988341331,0.0
20,geometric_shapes,0.1,perona_malik,rational,0.025,1.0,1.0,0.2,20,4.0,1,0.004135452233799439,0.0,0.15230314969474285,0.0,23.834769910922336,0.0,0.329548055695731,0.0,0.005650000006426126,0.0
20,geometric_shapes,0.1,perona_malik,rational,0.05,1.0,1.0,0.2,20,4.0,1,0.0004545562204446307,0.0,0.050494163624636976,0.0,33.42412394688688,0.0,0.8326830387840722,0.0,0.008563400013372302,0.0
20,geometric_shapes,0.1,perona_malik,rational,0.1,1.0,1.0,0.2,20,4.0,1,0.0003357961581165169,0.0,0.043399551543359303,0.0,34.739242769839784,0.0,0.9265451313858183,0.0,0.008102199994027615,0.0
20,geometric_shapes,0.1,perona_malik,rational,0.2,1.0,1.0,0.2,20,4.0,1,0.001993529297105257,0.0,0.10574472000717906,0.0,27.003773775196933,0.0,0.8646353578470197,0.0,0.0068076000025030226,0.0
40,geometric_shapes,0.1,heat,,,1.0,1.0,0.2,40,8.0,1,0.006042389621492733,0.0,0.184099133003043,0.0,22.187912742615556,0.0,0.7616190962289392,0.0,0.004093399998964742,0.0
40,geometric_shapes,0.1,noisy,,,1.0,1.0,0.2,0,0.0,1,0.00992291531526491,0.0,0.2359212294988085,0.0,20.033607150105546,0.0,0.21701055161305105,0.0,0.0,0.0
40,geometric_shapes,0.1,perona_malik,exponential,0.025,1.0,1.0,0.2,40,8.0,1,0.00950845489720463,0.0,0.23094169859599192,0.0,20.218900492177344,0.0,0.22106583230405819,0.0,0.03745770000386983,0.0
40,geometric_shapes,0.1,perona_malik,exponential,0.05,1.0,1.0,0.2,40,8.0,1,0.006419915725124704,0.0,0.18976322123768397,0.0,21.92470672920793,0.0,0.26883223516284727,0.0,0.022009699983755127,0.0
40,geometric_shapes,0.1,perona_malik,exponential,0.1,1.0,1.0,0.2,40,8.0,1,0.0010072005368028103,0.0,0.07516321612444768,0.0,29.968840514362974,0.0,0.7417042404126201,0.0,0.020039600000018254,0.0
40,geometric_shapes,0.1,perona_malik,exponential,0.2,1.0,1.0,0.2,40,8.0,1,0.00026224653908623826,0.0,0.03835325810264873,0.0,35.81290234557349,0.0,0.9525776966623157,0.0,0.021280599990859628,0.0
40,geometric_shapes,0.1,perona_malik,rational,0.025,1.0,1.0,0.2,40,8.0,1,0.0014040470939302035,0.0,0.08874384017869079,0.0,28.526183250473757,0.0,0.5803919492593239,0.0,0.01247950000106357,0.0
40,geometric_shapes,0.1,perona_malik,rational,0.05,1.0,1.0,0.2,40,8.0,1,0.0001903314776119085,0.0,0.03267402898499289,0.0,37.204893808004535,0.0,0.9602357903621663,0.0,0.014514700014842674,0.0
40,geometric_shapes,0.1,perona_malik,rational,0.1,1.0,1.0,0.2,40,8.0,1,0.0005140167143514653,0.0,0.05369526634960895,0.0,32.89022758762334,0.0,0.9328142835701939,0.0,0.012585999997099862,0.0
40,geometric_shapes,0.1,perona_malik,rational,0.2,1.0,1.0,0.2,40,8.0,1,0.0045943200861170074,0.0,0.16053066507462774,0.0,23.37778750805823,0.0,0.8000751040792531,0.0,0.013116900023305789,0.0
80,geometric_shapes,0.1,heat,,,1.0,1.0,0.2,80,16.0,1,0.00856289893584455,0.0,0.21915823264639397,0.0,20.673791817360183,0.0,0.7129235901024672,0.0,0.007643799996003509,0.0
80,geometric_shapes,0.1,noisy,,,1.0,1.0,0.2,0,0.0,1,0.00992291531526491,0.0,0.2359212294988085,0.0,20.033607150105546,0.0,0.21701055161305105,0.0,0.0,0.0
80,geometric_shapes,0.1,perona_malik,exponential,0.025,1.0,1.0,0.2,80,16.0,1,0.009361941099429963,0.0,0.22915552496348088,0.0,20.286340955598924,0.0,0.22257669230367277,0.0,0.07561709999572486,0.0
80,geometric_shapes,0.1,perona_malik,exponential,0.05,1.0,1.0,0.2,80,16.0,1,0.005214999118457116,0.0,0.17103086808910486,0.0,22.827457606505362,0.0,0.30183755170362825,0.0,0.04140499999630265,0.0
80,geometric_shapes,0.1,perona_malik,exponential,0.1,1.0,1.0,0.2,80,16.0,1,0.0008361202452150643,0.0,0.06848283805402665,0.0,30.77731260745074,0.0,0.8059390165974941,0.0,0.03745379997417331,0.0
80,geometric_shapes,0.1,perona_malik,exponential,0.2,1.0,1.0,0.2,80,16.0,1,0.00032506914691089847,0.0,0.042700725719711854,0.0,34.88024248474367,0.0,0.9529986294357969,0.0,0.0389749999740161,0.0
80,geometric_shapes,0.1,perona_malik,rational,0.025,1.0,1.0,0.2,80,16.0,1,0.0002086646802782269,0.0,0.03421147922593428,0.0,36.80551055766315,0.0,0.9327629743972037,0.0,0.02281229998334311,0.0
80,geometric_shapes,0.1,perona_malik,rational,0.05,1.0,1.0,0.2,80,16.0,1,0.0003022467102170277,0.0,0.041174484601500194,0.0,35.19638417489083,0.0,0.9550288170961981,0.0,0.023504900018451735,0.0
80,geometric_shapes,0.1,perona_malik,rational,0.1,1.0,1.0,0.2,80,16.0,1,0.0012751133665168735,0.0,0.08457106107588369,0.0,28.944512016896322,0.0,0.8988423446863029,0.0,0.0223827000008896,0.0
80,geometric_shapes,0.1,perona_malik,rational,0.2,1.0,1.0,0.2,80,16.0,1,0.007573853306902996,0.0,0.20611320904350136,0.0,21.20683110704434,0.0,0.7305257026679075,0.0,0.025124300009338185,0.0
