image,sigma,method,conduction,K,dx,dy,dt,n,diffusion_time,n_seeds,mse_mean,mse_std,relative_l2_mean,relative_l2_std,psnr_mean,psnr_std,ssim_mean,ssim_std,duration_seconds_mean,duration_seconds_std
geometric_shapes,0.1,heat,,,1.0,1.0,0.2,2,0.4,10,0.0021262711139655873,3.538898371632424e-05,0.10920515604561834,0.0009095375728079866,26.7243561567738,0.07240070929174183,0.5827645124973236,0.00537149853716804,0.0002826999960234389,0.00010791143217823054
geometric_shapes,0.1,heat,,,1.0,1.0,0.2,5,1.0,10,0.0024255840054765647,3.5732332979269126e-05,0.11663932499859342,0.000856701334978646,26.15225771667121,0.06361571565940181,0.7506370612342611,0.006353509215792275,0.000602569998591207,0.00015079578523137356
geometric_shapes,0.1,heat,,,1.0,1.0,0.2,20,4.0,10,0.004317145505714843,4.3131254680265556e-05,0.15561120406848095,0.0007760367877042323,23.648227338347215,0.043244682834630246,0.8017126418828975,0.0023192881891429904,0.0020583099976647645,0.0002626201040401913
geometric_shapes,0.1,heat,,,1.0,1.0,0.2,80,16.0,10,0.00857952029976561,6.650330631273882e-05,0.21936934970235217,0.0008502149913629265,20.66548736412775,0.033664356155436136,0.7137693473425177,0.0008991044050379833,0.007695679998141714,0.0005819472014723349
geometric_shapes,0.1,perona_malik,exponential,0.2,1.0,1.0,0.2,2,0.4,10,0.003129749305569387,6.905200831240974e-05,0.13248859161619217,0.00145819793430365,25.045849962892063,0.09537859011171065,0.378313947466849,0.0040237202985494895,0.001033420002204366,0.0001994946468348704
geometric_shapes,0.1,perona_malik,exponential,0.2,1.0,1.0,0.2,5,1.0,10,0.0007838444658202126,3.271374442951268e-05,0.06629458470750003,0.0013767945005675774,31.0610614923031,0.17951916772318519,0.7061279550360088,0.008438054868183883,0.0022435199993196876,0.0004160607193548548
geometric_shapes,0.1,perona_malik,exponential,0.2,1.0,1.0,0.2,20,4.0,10,0.00026950617045576634,2.080717502555382e-05,0.03885502912310764,0.0014829644485687317,35.70561552007807,0.32802598641043595,0.9377823591414287,0.002561918406012129,0.008380580006632953,0.0008746316843527922
geometric_shapes,0.1,perona_malik,exponential,0.2,1.0,1.0,0.2,80,16.0,10,0.0003325264085880391,1.6708240744774478e-05,0.04317564213826401,0.001077332814636789,34.786583373055166,0.21529105529405815,0.9524548534243713,0.0007816159301240761,0.03541774000041187,0.004586456196653952
geometric_shapes,0.1,perona_malik,rational,0.1,1.0,1.0,0.2,2,0.4,10,0.004685788495938457,7.804969793903638e-05,0.16211575505906242,0.0013473070376320674,23.292712341914143,0.07203322115746927,0.3062766744021802,0.0024126481173881954,0.00092051999818068,0.0003976791551497701
geometric_shapes,0.1,perona_malik,rational,0.1,1.0,1.0,0.2,5,1.0,10,0.001370706918906845,4.415835712558335e-05,0.08767367843920673,0.0014087912031420862,28.632568907050008,0.1392235139735615,0.5642729178291654,0.0067375662738653865,0.001802379998844117,0.00056780703017934
geometric_shapes,0.1,perona_malik,rational,0.1,1.0,1.0,0.2,20,4.0,10,0.00034325854921404895,2.352268846432632e-05,0.04385598553344432,0.0015022416757052577,34.6529535849377,0.29740795909437695,0.9292442711968878,0.002745910089429386,0.006458330000168644,0.0016234155242988112
geometric_shapes,0.1,perona_malik,rational,0.1,1.0,1.0,0.2,80,16.0,10,0.0012919176574478876,7.211457091923156e-05,0.0850967759000836,0.002371214796912925,28.893715119954436,0.2417409971508906,0.898814271072608,0.0022788133384870728,0.022607599999173545,0.00292720432622892
geometric_shapes,0.1,perona_malik,rational,0.2,1.0,1.0,0.2,2,0.4,10,0.0020293188578639947,4.6233007475651516e-05,0.10668349731168103,0.00121342737916624,26.927507354794,0.09864394628297773,0.4622814937171415,0.004053701131126076,0.0007966899895109237,0.0002430290784130333
geometric_shapes,0.1,perona_malik,rational,0.2,1.0,1.0,0.2,5,1.0,10,0.0007375752716735993,3.0446251924335725e-05,0.06430826484265013,0.0013314826240323635,31.325294180724292,0.18038921304854966,0.7580066559597707,0.006574400615723394,0.0016448999987915159,0.0004565573309768341
geometric_shapes,0.1,perona_malik,rational,0.2,1.0,1.0,0.2,20,4.0,10,0.001997519796503376,7.028871020001525e-05,0.1058357731693,0.0018613372001201835,26.997506223232072,0.15270459184299479,0.8666977282868347,0.003265930036032497,0.005767789995297789,0.0009745440464526028
geometric_shapes,0.1,perona_malik,rational,0.2,1.0,1.0,0.2,80,16.0,10,0.007586265557259396,6.906028265504455e-05,0.2062801080465409,0.0009391325540692364,21.199881644075028,0.039553848632159494,0.7314717306895113,0.0010459569960495924,0.022385839992784894,0.005081984796032207
