oracle_criterion,image,sigma,method,conduction,K,dx,dy,dt,n,diffusion_time,n_seeds,mse_mean,mse_std,relative_l2_mean,relative_l2_std,psnr_mean,psnr_std,ssim_mean,ssim_std,duration_seconds_mean,duration_seconds_std
psnr,geometric_shapes,0.025,perona_malik,exponential,0.05,1.0,1.0,0.2,80,16.0,10,2.4641056625600495e-06,6.350359225340825e-07,0.0036914101687595805,0.00046542245732090874,56.20545189028221,1.0723933552222555,0.9997565252900517,4.097230426597252e-05,0.054510289995232594,0.010827309691492811
ssim,geometric_shapes,0.025,perona_malik,exponential,0.05,1.0,1.0,0.2,80,16.0,10,2.4641056625600495e-06,6.350359225340825e-07,0.0036914101687595805,0.00046542245732090874,56.20545189028221,1.0723933552222555,0.9997565252900517,4.097230426597252e-05,0.054510289995232594,0.010827309691492811
psnr,geometric_shapes,0.05,perona_malik,rational,0.025,1.0,1.0,0.2,80,16.0,10,2.4310499217305097e-05,3.7167242602609173e-06,0.011647512950419376,0.0008793676315410653,46.186188592683166,0.6476627752567949,0.9966729033065247,0.0003776572203569976,0.028848510002717376,0.009419092805450687
ssim,geometric_shapes,0.05,perona_malik,rational,0.025,1.0,1.0,0.2,80,16.0,10,2.4310499217305097e-05,3.7167242602609173e-06,0.011647512950419376,0.0008793676315410653,46.186188592683166,0.6476627752567949,0.9966729033065247,0.0003776572203569976,0.028848510002717376,0.009419092805450687
psnr,geometric_shapes,0.1,perona_malik,rational,0.05,1.0,1.0,0.2,40,8.0,10,0.0001991271782332861,2.563948064181215e-05,0.03335667731545043,0.002175722664282341,37.04218778239349,0.573368968462126,0.9610861556716053,0.0035025526952164408,0.010754620001534931,0.0007253611654977283
ssim,geometric_shapes,0.1,perona_malik,rational,0.05,1.0,1.0,0.2,40,8.0,10,0.0001991271782332861,2.563948064181215e-05,0.03335667731545043,0.002175722664282341,37.04218778239349,0.573368968462126,0.9610861556716053,0.0035025526952164408,0.010754620001534931,0.0007253611654977283
psnr,ramps_and_edges,0.025,perona_malik,exponential,0.05,1.0,1.0,0.2,20,4.0,10,1.7334182228594743e-05,1.160311518418834e-06,0.008733247891670093,0.00028791038451324123,47.619376212225255,0.2820979459064733,0.9948448453692917,0.000426489589585499,0.00874504999956116,0.0011452002041162283
ssim,ramps_and_edges,0.025,perona_malik,exponential,0.05,1.0,1.0,0.2,20,4.0,10,1.7334182228594743e-05,1.160311518418834e-06,0.008733247891670093,0.00028791038451324123,47.619376212225255,0.2820979459064733,0.9948448453692917,0.000426489589585499,0.00874504999956116,0.0011452002041162283
psnr,ramps_and_edges,0.05,perona_malik,rational,0.025,1.0,1.0,0.2,40,8.0,10,6.225698815050696e-05,4.17178491964272e-06,0.016550377772936588,0.0005586428794291681,42.067065636759835,0.29527999067514654,0.9874371573223135,0.0008677917685578825,0.011435870005516335,0.0016337320710652626
ssim,ramps_and_edges,0.05,perona_malik,rational,0.025,1.0,1.0,0.2,40,8.0,10,6.225698815050696e-05,4.17178491964272e-06,0.016550377772936588,0.0005586428794291681,42.067065636759835,0.29527999067514654,0.9874371573223135,0.0008677917685578825,0.011435870005516335,0.0016337320710652626
psnr,ramps_and_edges,0.1,perona_malik,rational,0.025,1.0,1.0,0.2,80,16.0,10,0.00035449931834547426,2.470617926580832e-05,0.039491160976541165,0.0013963807369141092,34.513713574248825,0.3116869449894302,0.9229056755946946,0.005338461900665142,0.021350050007458776,0.003096833740223727
ssim,ramps_and_edges,0.1,perona_malik,rational,0.05,1.0,1.0,0.2,40,8.0,10,0.0003780195776682489,2.6108540765480136e-05,0.04078150549982269,0.001400317853302661,34.23403522632868,0.29649351569480586,0.9465216511797803,0.002460184025112118,0.011902830001781694,0.0012963049099227262
